Text,Translation,Tag
"peace, Irene (name)",ειρήνη,Abstract concept
"safety, insurance, security",ασφάλεια,Abstract concept
"opinion, notion",γνώμη,Abstract concept
"calm, peace and quiet, peace",ηρεμία,Abstract concept
war,πόλεμος,Abstract concept
"silence, quiet, hush",ησυχία,Abstract concept
quality,ποιότητα,Abstract concept
justice,δικαιοσύνη,Abstract concept
noise,θόρυβος,Abstract concept
"blame, responsibility, obligation",ευθύνη,Abstract concept
"action, act",δράση,Abstract concept
space,διάστημα,Abstract concept
"humor, spirit, Spirit",πνεύμα,Abstract concept
"thought, consideration, reflecting",σκέψη,Abstract concept
"impact, effect",επίπτωση,Abstract concept
"gratification, pleasure",ευχαρίστηση,Abstract concept
surprise,έκπληξη,Abstract concept
fear,φόβος,Abstract concept
"memory, remembrance, any memory",μνήμη,Abstract concept
"a possibility, a probability, chance",πιθανότητα,Abstract concept
"shadow, shade",σκιά,Abstract concept
"strength, force, power",δύναμη,Abstract concept
"lust, desire, craving",πόθος,Abstract concept
"doubt, doubts",αμφιβολία,Abstract concept
"signature, subscription, a signature",υπογραφή,Abstract concept
"position, spot, seat",θέση,Abstract concept
secret,μυστικό,Abstract concept
exit,έξοδος,Abstract concept
humour,χιούμορ,Abstract concept
origin,προέλευση,Abstract concept
"code, cue, catchword",σύνθημα,Abstract concept
"attitude, conduct, behavior / behaviour",συμπεριφορά,Abstract concept
"purpose, aim, guard",σκοπός,Abstract concept
reality,πραγματικότητα,Abstract concept
"interest, interesting, interested",ενδιαφέρον,Abstract concept
"damage, injury, harm",ζημιά,Abstract concept
"respect, respecting",σεβασμός,Abstract concept
"profit, to be gained, advantage",όφελος,Abstract concept
"try, attempt, effort",προσπάθεια,Abstract concept
"condition, case, situation",κατάσταση,Abstract concept
luxury,πολυτελής,Abstract concept
"way, a way",τρόπος,Abstract concept
subject,υποκείμενο,Abstract concept
"end, edge, side",άκρη,Abstract concept
"darkness, dark",σκοτάδι,Abstract concept
change,αλλαγή,Abstract concept
"receipt, proof, evidence",απόδειξη,Abstract concept
"rest, relaxation",ξεκούραση,Abstract concept
"attention, pay attention to",προσοχή,Abstract concept
"courtesy, politeness, civility",ευγένεια,Abstract concept
"adornment, decoration, grooming",καλλωπισμός,Abstract concept
"chance, occasion, opportunity",ευκαιρία,Abstract concept
union,ένωση,Abstract concept
ignorance,άγνοια,Abstract concept
"construction, structure, building",κατασκευή,Abstract concept
(a) haircut,κούρεμα,Abstract concept
"price, charge, fee",χρέωση,Abstract concept
"entry, entrance, gateway",είσοδος,Abstract concept
"delivery, distribution, sharing",διανομή,Abstract concept
"success, gateway to success",επιτυχία,Abstract concept
"introduction, admission",εισαγωγή,Abstract concept
"member, player, a member",μέλος,Abstract concept
"solution, solution to",λύση,Abstract concept
"award, prize, reward",βραβείο,Abstract concept
"characteristic, feature",χαρακτηριστικό,Abstract concept
talent,ταλέντο,Abstract concept
"appetite, mood",όρεξη,Abstract concept
hope,ελπίδα,Abstract concept
right,δίκιο,Abstract concept
"side, across",πλευρά,Abstract concept
"imagination, fiction",φαντασία,Abstract concept
"choice, option, pick",επιλογή,Abstract concept
"a mistake, wrong, mistake",λάθος,Abstract concept
"problem, issue, worries",πρόβλημα,Abstract concept
"output, production, productions",παραγωγή,Abstract concept
"protection, protecting",προστασία,Abstract concept
"new, news, young",νέα,Abstract concept
"concept, concern, meaning",έννοια,Abstract concept
"instance, case, occasion",περίπτωση,Abstract concept
"category, accusation, form",κατηγορία,Abstract concept
"outcome, effect, result",αποτέλεσμα,Abstract concept
"activity, business, occupation",δραστηριότητα,Abstract concept
wish,ευχή,Abstract concept
"duty, responsibility, chore",καθήκον,Abstract concept
view,θέα,Abstract concept
description,περιγραφή,Abstract concept
"being, existence, entity",ύπαρξη,Abstract concept
list,λίστα,Abstract concept
failure,αποτυχία,Abstract concept
"system, a system",σύστημα,Abstract concept
exotic,εξωτικός,Adjectives
"great, exceptional, magnificent",σπουδαίος,Adjectives
complex,περίπλοκος,Adjectives
romantic,ρομαντικός,Adjectives
helpful,εξυπηρετικός,Adjectives
"accustomed, used",συνηθισμένος,Adjectives
easygoing,χαλαρός,Adjectives
top,κορυφαίος,Adjectives
"suspicious, suspect",ύποπτος,Adjectives
"exciting, fascinating",συναρπαστικός,Adjectives
"impressive, spectacular",εντυπωσιακός,Adjectives
"attractive, appealing",ελκυστικός,Adjectives
"short, brief",σύντομος,Adjectives
"cunning, sly",πονηρός,Adjectives
rare,σπάνιος,Adjectives
"striker, forward, aggressive",επιθετικός,Adjectives
"unfair, unjust",άδικος,Adjectives
"right, convenient, suitable",κατάλληλος,Adjectives
fun,διασκεδαστικός,Adjectives
incredible,απίστευτος,Adjectives
fair,δίκαιος,Adjectives
"too, exorbitant",υπερβολικός,Adjectives
compulsory,υποχρεωτικός,Adjectives
"impatient, worked up, anxious",ανυπόμονος,Adjectives
"narrow, tight",στενός,Adjectives
"strong, stronger",ισχυρός,Adjectives
patient,υπομονετικός,Adjectives
"amazing, wonderful",καταπληκτικός,Adjectives
modern,μοντέρνος,Adjectives
strict,αυστηρός,Adjectives
"daily, casual",καθημερινός,Adjectives
bitter,πικρός,Adjectives
imaginary,φανταστικός,Adjectives
"scary, spooky",τρομακτικός,Adjectives
"shy, embarassed",ντροπαλός,Adjectives
salty,αλμυρός,Adjectives
"weird, strange, curious",περίεργος,Adjectives
healthier,υγιεινός,Adjectives
"healthy, hale",υγιής,Adjectives
harsh,σκληρός,Adjectives
"Low, low",χαμηλός,Adjectives
active,δραστήριος,Adjectives
new,καινούριος,Adjectives
comfortable,άνετος,Adjectives
safe,ασφαλής,Adjectives
lucky,τυχερός,Adjectives
sensitive,ευαίσθητος,Adjectives
"sophisticated, elegant, stylish",κομψός,Adjectives
"boring, dull",βαρετός,Adjectives
"miserable, despicable",άθλιος,Adjectives
"free, available, unavailable",διαθέσιμος,Adjectives
familiar,οικείος,Adjectives
honest,ειλικρινής,Adjectives
private,ιδιωτικός,Adjectives
"effective, constructive, productive",αποδοτικός,Adjectives
"modern, contemporary, a modern",σύγχρονος,Adjectives
useful,χρήσιμος,Adjectives
"full, packed",γεμάτος,Adjectives
"able, capable",ικανός,Adjectives
free,ελεύθερος,Adjectives
"real, true",αληθινός,Adjectives
future,μελλοντικός,Adjectives
"rich, wealthy",πλούσιος,Adjectives
incapable,ανίκανος,Adjectives
"accurate, precise, exact",ακριβής,Adjectives
cultural,πολιτιστικός,Adjectives
useless,άχρηστος,Adjectives
fake,ψεύτικος,Adjectives
"constant, continuous",συνεχής,Adjectives
popular,δημοφιλής,Adjectives
poor,φτωχός,Adjectives
simple,απλός,Adjectives
traditional,παραδοσιακός,Adjectives
"opposite, against, contrary",αντίθετος,Adjectives
"convenient, comfortable",βολικός,Adjectives
"old, last",παλιός,Adjectives
"cold, nipping",κρύος,Adjectives
ready,έτοιμος,Adjectives
"cheap, inexpensive",φτηνός,Adjectives
historical,ιστορικός,Adjectives
"mistaken, wrong",λανθασμένος,Adjectives
bright,φωτεινός,Adjectives
"strange, foreigner, alien",ξένος,Adjectives
dark,σκοτεινός,Adjectives
"correct, true",σωστός,Adjectives
"hazardous, risky, unsafe",επικίνδυνος,Adjectives
slow,αργός,Adjectives
"expensive, pricey, costly",ακριβός,Adjectives
fast,γρήγορος,Adjectives
"alive, living",ζωντανός,Adjectives
wooden,ξύλινος,Adjectives
"famous, well known",διάσημος,Adjectives
"excellent, perfect, great",τέλειος,Adjectives
"brilliant, excellent, great",εξαιρετικός,Adjectives
military,στρατιωτικός,Adjectives
"normal, natural",φυσιολογικός,Adjectives
"necessary, essential to, necessary for",απαραίτητος,Adjectives
"whole, entire, total",ολόκληρος,Adjectives
"final, last",τελικός,Adjectives
"important, significant",σημαντικός,Adjectives
"hot, warm",ζεστός,Adjectives
legal,νόμιμος,Adjectives
"beautiful, nice, great",ωραίος,Adjectives
"closed, turned off, switched off",κλειστός,Adjectives
"official, formal",επίσημος,Adjectives
"difficult, tricky, hard",δύσκολος,Adjectives
potential,πιθανός,Adjectives
"main, basic",βασικός,Adjectives
"left, leftist",αριστερός,Adjectives
"personal, private",προσωπικός,Adjectives
easy,εύκολος,Adjectives
"recent, latest",πρόσφατος,Adjectives
"different, unlike",διαφορετικός,Adjectives
bilingual,δίγλωσσος,Adjectives
"plain, ordinary, black (coffee)",σκέτος,Adjectives
"exquisite, wonderful, great",υπέροχος,Adjectives
"tired, weary",κουρασμένος,Adjectives
special,ιδιαίτερος,Adjectives
next,επόμενος,Adjectives
"a real, real, true",πραγματικός,Adjectives
"local, regional",τοπικός,Adjectives
general,γενικός,Adjectives
"clean, clear, pure",καθαρός,Adjectives
dirty,βρώμικος,Adjectives
"strong, powerful",δυνατός,Adjectives
"alright, ok",εντάξει,Adjectives
"completely, totally",εντελώς,Adverbs
"agreeably, pleasantly, gladly",ευχάριστα,Adverbs
"right away, this instant, directly",άμεσα,Adverbs
"special, especially, specifically",ιδιαίτερα,Adverbs
"right away, immediately, instantly",αμέσως,Adverbs
"too much, too",υπερβολικά,Adverbs
"with pleasure, gladly",ευχαρίστως,Adverbs
"after all, finally, utlimately",τελικά,Adverbs
"wrongly, wrong, mistakenly",λανθασμένα,Adverbs
"personal, personally",προσωπικά,Adverbs
"genuinely, sincerely, honestly",ειλικρινά,Adverbs
creatively,δημιουργικά,Adverbs
"of course, naturally, natural",φυσικά,Adverbs
"bad, ugly, badly",άσχημα,Adverbs
"clearly, clean, distinctly",καθαρά,Adverbs
"strong, powerful, loud",δυνατά,Adverbs
"right, correct, correctly",σωστά,Adverbs
"highly, tall, high",ψηλά,Adverbs
"a lot, a great deal, quite",αρκετά,Adverbs
"low, down low",χαμηλά,Adverbs
"just, only, simply",απλώς,Adverbs
quickly,γρήγορα,Adverbs
"first, firstly",πρώτα,Adverbs
especially,ειδικά,Adverbs
"probably, possibly, potentially",πιθανώς,Adverbs
normally,φυσιολογικά,Adverbs
"perfectly, perfect, great",τέλεια,Adverbs
"slowly, big deal",σιγά,Adverbs
usually,συνήθως,Adverbs
"really, real",πραγματικά,Adverbs
"as soon as, just",μόλις,Adverbs
"at all, not at all, no... at all",καθόλου,Adverbs
"so, that, such",τόσο,Adverbs
"now, already, anymore",πια,Adverbs
definitely,οπωσδήποτε,Adverbs
"free, free (of charge), for free",δωρεάν,Adverbs
"around, approximate, approximately",περίπου,Adverbs
almost,σχεδόν,Adverbs
"neither ... nor, even, or",ούτε,Adverbs
"completely, totally, entirely",τελείως,Adverbs
"wherever, anywhere, where",οπουδήποτε,Adverbs
"finally, at last",επιτέλους,Adverbs
obviously,προφανώς,Adverbs
"right, exactly, precisely",ακριβώς,Adverbs
at least,τουλάχιστον,Adverbs
"together, with",μαζί,Adverbs
already,ήδη,Adverbs
always,πάντα,Adverbs
"additionally, furthermore, moreover",επιπλέον,Adverbs
"yet, even, still",ακόμα,Adverbs
"that, that way, like that",έτσι,Adverbs
"donkey, a donkey",γάιδαρος,Animals
"hawk, falcon",γεράκι,Animals
octopus,χταπόδι,Animals
shark,καρχαρίας,Animals
monkey,μαϊμού,Animals
snail,σαλιγκάρι,Animals
lizard,σαύρα,Animals
seagull,γλάρος,Animals
"frog, toad",βάτραχος,Animals
bee,μέλισσα,Animals
pig,γουρούνι,Animals
"shepherd, a shepherd",βοσκός,Animals
whale,φάλαινα,Animals
"alligator, an alligator",αλιγάτορας,Animals
goat,κατσίκα,Animals
cow,αγελάδα,Animals
"crocodile, a crocodile",κροκόδειλος,Animals
"sheep, lamb",πρόβατο,Animals
"hippopotamus, hippo",ιπποπόταμος,Animals
"rhino, rhinoceros",ρινόκερος,Animals
rabbit,κουνέλι,Animals
dogs,σκύλους,Animals
ape,πίθηκο,Animals
"dog, a dog",σκύλο,Animals
animals,ζώα,Animals
birds,πουλιά,Animals
"turtles, tortoises, are the turtles",χελώνες,Animals
"ducks, duck",πάπιες,Animals
"horses, horse meat",άλογα,Animals
cats,γάτες,Animals
dogs,σκύλοι,Animals
elephants,ελέφαντες,Animals
zebra,ζέβρα,Animals
tiger,τίγρης,Animals
"reptile, a reptile, crawler",ερπετό,Animals
wolf,λύκος,Animals
fox,αλεπού,Animals
"hare, jack rabbit",λαγός,Animals
"snake, serpent, a snake",φίδι,Animals
lion,λιοντάρι,Animals
"mammal, a mammal",θηλαστικό,Animals
"hamster, hamsters",χάμστερ,Animals
"chicken, hen",κότα,Animals
"insect, bug, an insect",έντομο,Animals
butterfly,πεταλούδα,Animals
giraffe,καμηλοπάρδαλη,Animals
eagle,αετός,Animals
camel,καμήλα,Animals
"ape, monkey",πίθηκος,Animals
"spider, a spider",αράχνη,Animals
"mouse, a mouse",ποντίκι,Animals
pelican,πελεκάνος,Animals
crab,καβούρι,Animals
"pet, a pet",κατοικίδιο,Animals
"animal, an animal",ζώο,Animals
bear,αρκούδα,Animals
"puppy, pup",κουτάβι,Animals
"dog, a dog",σκύλος,Animals
elephant,ελέφαντας,Animals
"turtle, tortoise, a turtle",χελώνα,Animals
"horse, a horse",άλογο,Animals
"bird, a bird",πουλί,Animals
"duck, (a) duck",πάπια,Animals
"cat, a cat",γάτα,Animals
"scene, tent, stage",σκηνή,Art and Culture
Tragedy,τραγωδία,Art and Culture
talented,ταλαντούχος,Art and Culture
literature,λογοτεχνία,Art and Culture
"comedy, a comedy",κωμωδία,Art and Culture
untalented,ατάλαντος,Art and Culture
protagonist,πρωταγωνιστής,Art and Culture
"image, figure, picture",εικόνα,Art and Culture
canvas,καμβάς,Art and Culture
"brush, paintbrush",πινέλο,Art and Culture
"poet, a poet",ποιητής,Art and Culture
design,ζωγραφίζω,Art and Culture
poetry,ποίηση,Art and Culture
painter,ζωγράφος,Art and Culture
"collection, compilation",συλλογή,Art and Culture
sculptor,γλύπτης,Art and Culture
statue,άγαλμα,Art and Culture
"panel, board, painting",πίνακας,Art and Culture
sculpture,γλυπτική,Art and Culture
"writing, exposition, account",έκθεση,Art and Culture
painting,ζωγραφική,Art and Culture
"sheet music, (musical) score",παρτιτούρα,Art and Culture
"I watch, watching, watch",παρακολουθώ,Art and Culture
"movie, a movie, film",ταινία,Art and Culture
"picture, photo, photography",φωτογραφία,Art and Culture
photographer,φωτογράφος,Art and Culture
director,σκηνοθέτης,Art and Culture
"work, play, project",έργο,Art and Culture
"performance, show, performed",παράσταση,Art and Culture
"dance, prom",χορός,Art and Culture
acting,υποκριτική,Art and Culture
choreography,χορογραφία,Art and Culture
"guitar, the guitar, a guitar",κιθάρα,Art and Culture
"lyre, the lyre",λύρα,Art and Culture
"rehearsal, fitting, rehearsing",πρόβα,Art and Culture
"concert, a concert",συναυλία,Art and Culture
orchestra,ορχήστρα,Art and Culture
"instrument, organ, tool",όργανο,Art and Culture
"opera, operas",όπερα,Art and Culture
"piano, the piano",πιάνο,Art and Culture
"singer, a singer",τραγουδιστής,Art and Culture
sound,ήχος,Art and Culture
"song, singing",τραγούδι,Art and Culture
"musician, musical",μουσικός,Art and Culture
"vox, voice",φωνή,Art and Culture
"note, η νότα, Η ΝΟΤΑ",νότα,Art and Culture
"violin, the violin, a violin",βιολί,Art and Culture
"art, an art",τέχνη,Art and Culture
"culture, civilization",πολιτισμός,Art and Culture
"music, musical",μουσική,Art and Culture
"flute, the flute",φλάουτο,Art and Culture
Muse,μούσα,Art and Culture
nose,μύτη,Body
"wool, hair",μαλλί,Body
"weak, powerless",αδύναμος,Body
mouth,στόμα,Body
"arm, hand",χέρι,Body
tall,ψηλός,Body
"brunet, brunette, dark-haired",μελαχρινός,Body
short,κοντός,Body
"foot, leg",πόδι,Body
"ugly, nasty, terrible",άσχημος,Body
lip,χείλος,Body
ear,αυτί,Body
"beautiful, handsome, pretty",όμορφος,Body
"face, person",πρόσωπο,Body
"great, old, big",μεγάλος,Body
thin,αδύνατος,Body
fat,χοντρός,Body
"new, young, modern",νέος,Body
"little, small, young",μικρός,Body
eye,μάτι,Body
"a meeting, meeting, conference",συνάντηση,Business
minimum,κατώτατος,Business
demand,ζήτηση,Business
"salary, wage",μισθός,Business
"pension, syntax",σύνταξη,Business
"trade, commerce",εμπόριο,Business
contract,συμβόλαιο,Business
"firm, corporation, company",εταιρεία,Business
"sale, selling",πώληση,Business
revenue,έσοδα,Business
"administration, management",διοίκηση,Business
coworker,συνάδελφος,Business
"income, an income",εισόδημα,Business
"proposal, offering, offer",προσφορά,Business
"effectiveness, efficiency",αποτελεσματικότητα,Business
"warranty, a warrenty",εγγύηση,Business
consumer,καταναλωτής,Business
"business, company, enterprise",επιχείρηση,Business
"customer, client",πελάτης,Business
competition,ανταγωνισμός,Business
"agreement, deal",συμφωνία,Business
"promotion, propulsion",προώθηση,Business
productivity,παραγωγικότητα,Business
industry,βιομηχανία,Business
product,προϊόν,Business
"entrepreneur, a businessman, businessman",επιχειρηματίας,Business
"advertisement, commercial, ad",διαφήμιση,Business
employer,εργοδότης,Business
"brand, label, make",μάρκα,Business
"deadline, due",προθεσμία,Business
employee,υπάλληλος,Business
factory,εργοστάσιο,Business
"t-shirt, a t-shirt",κοντομάνικο,Clothes
"wallet, purse",πορτοφόλι,Clothes
pocket,τσέπη,Clothes
"tie, necktie",γραβάτα,Clothes
"woollen, woolen, woollen one",μάλλινος,Clothes
"boot, buskin",μπότα,Clothes
underwear,εσώρουχο,Clothes
"zone, a belt, seatbelt",ζώνη,Clothes
glove,γάντι,Clothes
"uniform, costume, a uniform",στολή,Clothes
"jewellery, jewel, piece of jewellery",κόσμημα,Clothes
scarf,κασκόλ,Clothes
"hat, cap, a hat",καπέλο,Clothes
"suit, a suit, costume",κουστούμι,Clothes
sock,κάλτσα,Clothes
"blouse, a blouse, shirt (no buttons)",μπλούζα,Clothes
"a piece of clothing, garment, piece of clothes",ρούχο,Clothes
"wears, does she wear, is wearing",φοράει,Clothes
wear,φοράω,Clothes
"shirt, shirt (with buttons), a shirt",πουκάμισο,Clothes
"a coat, coat, overcoat",παλτό,Clothes
"pants, pair of pants, trousers",παντελόνι,Clothes
"skirt, a skirt",φούστα,Clothes
shoes,παπούτσια,Clothes
"dress, gown",φόρεμα,Clothes
ties,γραβάτες,Clothes
"sweet (adj. neut. plural), sweets, sweetest",γλυκά,Clothes
gloves,γάντια,Clothes
chocolates,σοκολάτες,Clothes
shirts (n)(nom/acc),πουκάμισα,Clothes
skirts,φούστες,Clothes
"hats, caps",καπέλα,Clothes
red,κόκκινος,Colors
"open, light",ανοιχτός,Colors
black and white (masc.),ασπρόμαυρος,Colors
"red, ruby, scarlet",κόκκινη,Colors
multicolored,πολύχρωμος,Colors
yellow,κίτρινη,Colors
"white, white one",άσπρος,Colors
light blue,γαλάζιος,Colors
"azure, light blue",γαλάζια,Colors
yellow,κίτρινος,Colors
brown,καφετής,Colors
orange,πορτοκαλής,Colors
white,άσπρο,Colors
yellow,κίτρινο,Colors
grey,γκρι,Colors
red,κόκκινο,Colors
white,λευκό,Colors
black,μαύρη,Colors
green,πράσινος,Colors
green,πράσινη,Colors
purple,μοβ,Colors
blue,μπλε,Colors
"light blue, azure, a light blue dress",γαλάζιο,Colors
green,πράσινο,Colors
orange,πορτοκαλί,Colors
"brown, coffee",καφέ,Colors
black,μαύρο,Colors
"colour, color, paint",χρώμα,Colors
title,τίτλος,Communication
interpreter,διερμηνέας,Communication
"translation, translating",μετάφραση,Communication
transmission,μετάδοση,Communication
conversation,συνομιλία,Communication
meeting,σύσκεψη,Communication
"a discussion, discourse, conversation",συζήτηση,Communication
"dialogue, dialog, discussion",διάλογος,Communication
calling,τηλεφωνώ,Communication
phrase,φράση,Communication
"by post, by mail",ταχυδρομικώς,Communication
"stamp, postage, postage stamp",γραμματόσημο,Communication
"interview, an interview",συνέντευξη,Communication
card,κάρτα,Communication
letter,επιστολή,Communication
"view, screening",προβολή,Communication
"journalist, reporter, newscaster]",δημοσιογράφος,Communication
"tongue, language",γλώσσα,Communication
"mail, post, correspondence",αλληλογραφία,Communication
"web, Internet, net",διαδίκτυο,Communication
"mail carrier, mailman",ταχυδρόμος,Communication
post office,ταχυδρομείο,Communication
"SMS, a message, message",μήνυμα,Communication
"contact, communication, communicating",επικοινωνία,Communication
"text, passage, piece",κείμενο,Communication
"channel, (TV/Radio) station",κανάλι,Communication
"information, some information",πληροφορία,Communication
"remark, comment",σχόλιο,Communication
"quest, pursuit, search",αναζήτηση,Communication
network,δίκτυο,Communication
"earlier, prior, once",πρωτύτερα,Comparisons
"sooner, earlier",νωρίτερα,Comparisons
"very quickly, very fast, in a flash",γρηγορότατα,Comparisons
"very nice, very pretty, very beautiful",ωραιότατα,Comparisons
"honors, excellently, excellent",άριστα,Comparisons
later,αργότερα,Comparisons
"more beautifully, the nicest, better",ωραιότερα,Comparisons
farther,μακρύτερα,Comparisons
"nearer, closer",κοντύτερα,Comparisons
"faster, more quickly",γρηγορότερα,Comparisons
"better, best",καλύτερα,Comparisons
very ugly,ασχημότατος,Comparisons
very expensive,ακριβότατος,Comparisons
"very nice, very beautiful, very handsome",ωραιότατος,Comparisons
very popular,δημοφιλέστατος,Comparisons
"very young, very new",νεότατος,Comparisons
supreme,ανώτατος,Comparisons
"minimum, smallest, minimal",ελάχιστος,Comparisons
"biggest, maximum, largest",μέγιστος,Comparisons
"inferior, lower",κατώτερος,Comparisons
superior,ανώτερος,Comparisons
preferable,προτιμότερος,Comparisons
closest,πλησιέστερος,Comparisons
"older, oldest, bigger",μεγαλύτερος,Comparisons
"more ancient, older",αρχαιότερος,Comparisons
uglier,ασχημότερος,Comparisons
more popular,δημοφιλέστερος,Comparisons
the deepest,βαθύτερος,Comparisons
lighter,ελαφρύτερος,Comparisons
more,περισσότερος,Comparisons
"younger, the youngest",νεότερος,Comparisons
more famous,διασημότερος,Comparisons
shorter,κοντότερος,Comparisons
taller,ψηλότερος,Comparisons
"most, more, the most",πιο,Comparisons
"younger, smaller, minor",μικρότερος,Comparisons
"worst, worse",χειρότερος,Comparisons
"faster, quicker",γρηγορότερος,Comparisons
prettier,ωραιότερος,Comparisons
"better, best",καλύτερος,Comparisons
"cursor, runner",δρομέας,Computers
speaker,ηχείο,Computers
typing,πληκτρολογώ,Computers
microphone,μικρόφωνο,Computers
browser,φυλλομετρητής,Computers
"installation, installing",εγκατάσταση,Computers
"delete, deletion",διαγραφή,Computers
"login, connection, connected",σύνδεση,Computers
"logout, disconnection, log out / logout",αποσύνδεση,Computers
"deactivation, switch off",απενεργοποίηση,Computers
attach,συνδέω,Computers
"application, app",εφαρμογή,Computers
"button, buttons",κουμπί,Computers
"download, (I) am downloading, downloading",κατεβάζω,Computers
web,ιστός,Computers
upload,ανεβάζω,Computers
"cord, cable",καλώδιο,Computers
"door, port",θύρα,Computers
"site, website",ιστοσελίδα,Computers
keyboard,πληκτρολόγιο,Computers
"I would feel, I'd feel",θα ένιωθα,Conditional tense
"I would swear, I'd swear",θα ορκιζόμουν,Conditional tense
"I would become, I'd become",θα γινόμουν,Conditional tense
"I would consider, I would think, I'd consider",θα σκεφτόμουν,Conditional tense
"I would tell, I'd tell, I'd say",θα έλεγα,Conditional tense
"I would finish, I'd finish",θα τελείωνα,Conditional tense
"I would forget, I'd forget",θα ξεχνούσα,Conditional tense
"I would try, I'd try",θα προσπαθούσα,Conditional tense
I'd ask,θα ρωτούσα,Conditional tense
"I would do, I'd",θα έκανα,Conditional tense
"I would be, I'd be",θα ήμουν,Conditional tense
"I would give, I'd give",θα έδινα,Conditional tense
Africa,αφρική,Countries
Asian,ασιατικός,Countries
African,αφρικανικός,Countries
Australian,αυστραλός,Countries
"USA, u.s.",ηπα,Countries
Oceania,ωκεανία,Countries
european,ευρωπαίος,Countries
european,ευρωπαϊκός,Countries
continent,ήπειρος,Countries
"American, American man",αμερικανός,Countries
Egyptian,αιγύπτιος,Countries
Russia,ρωσία,Countries
China,κίνα,Countries
Egypt,αίγυπτος,Countries
chinese,κινέζικος,Countries
Turkey,τουρκία,Countries
"italian, an Italian",ιταλός,Countries
Germany,γερμανία,Countries
"(male) Turk, Turkish (man), Turkish",τούρκος,Countries
german,γερμανικός,Countries
"German, German man",γερμανός,Countries
Spain,ισπανία,Countries
Spanish,ισπανός,Countries
France,γαλλία,Countries
England,αγγλία,Countries
french,γαλλικός,Countries
French,γάλλος,Countries
"English, Englishman",άγγλος,Countries
Italy,ιταλία,Countries
Asia,ασία,Countries
Greece,ελλάδα,Countries
Athens,αθήνα,Countries
Europe,ευρώπη,Countries
America,αμερική,Countries
Australia,αυστραλία,Countries
wide,φαρδύς,Dimensions
dimension,διάσταση,Dimensions
light,ελαφρύς,Dimensions
heavy,βαρύς,Dimensions
liter,λίτρο,Dimensions
"volume, bulk",όγκος,Dimensions
long,μακρύς,Dimensions
triple,τριπλός,Dimensions
"weigh, weighing",ζυγίζω,Dimensions
"weighs, weight, burden",βάρος,Dimensions
"kilogram, kilo",κιλό,Dimensions
gram,γραμμάριο,Dimensions
"I am counting/count, count, measure",μετράω,Dimensions
"tonne, ton, tuna",τόνος,Dimensions
double,διπλός,Dimensions
"measure, meter, metre",μέτρο,Dimensions
width,πλάτος,Dimensions
mile,μίλι,Dimensions
kilometer / kilometre,χιλιόμετρο,Dimensions
length,μήκος,Dimensions
"centimeter, centimetre, 100th",εκατοστό,Dimensions
height,ύψος,Dimensions
"per, a",ανά,Dimensions
"couple, a couple, a couple of",ζευγάρι,Dimensions
"average, middle",μέσος,Dimensions
enough,αρκετός,Dimensions
"huge, enormous, massive",τεράστιος,Dimensions
"majority, the majority, In the majority",πλειοψηφία,Dimensions
little,λίγος,Dimensions
"more, more like",περισσότερο,Dimensions
half (a/an),μισό,Dimensions
"sum, amount",ποσό,Dimensions
"less, least",λιγότερο,Dimensions
"great, much, a lot",πολύς,Dimensions
"a lot of, heavily, much",πολλή,Dimensions
"recycling, recycle",ανακύκλωση,Environment
nuclear,πυρηνικός,Environment
"disaster, destruction, catastrophe",καταστροφή,Environment
"waste, wastes, outcasts",απόβλητα,Environment
pollution,ρύπανση,Environment
"powder, dust",σκόνη,Environment
plant,φυτό,Environment
universe,σύμπαν,Environment
sand,άμμος,Environment
"result, fruit, wrist",καρπός,Environment
galaxy,γαλαξίας,Environment
"scenery, landscape, the scenery",τοπίο,Environment
"environment, surroundings",περιβάλλον,Environment
"ground, soil, terrain",έδαφος,Environment
smoke,καπνός,Environment
flood,πλημμύρα,Environment
"cultivation, farming, crop",καλλιέργεια,Environment
rose,τριαντάφυλλο,Environment
Rock,βράχος,Environment
earthquake,σεισμός,Environment
"stone, rock",πέτρα,Environment
"world, planet",πλανήτης,Environment
"sheet, leaf",φύλλο,Environment
"forest, woods",δάσος,Environment
"mountain, mount",βουνό,Environment
nature,φύση,Environment
"lake, a lake, pond",λίμνη,Environment
"field, plain, meadow",κάμπος,Environment
"earth, land, ground",γη,Environment
"river, a river",ποτάμι,Environment
"sea, the sea",θάλασσα,Environment
rain,βροχή,Environment
"world, universe, people",κόσμος,Environment
fire,φωτιά,Environment
field,χωράφι,Environment
grass,γρασίδι,Environment
star,αστέρι,Environment
volcano,ηφαίστειο,Environment
"tree, a tree",δέντρο,Environment
"flower, bloom, blossom",λουλούδι,Environment
"natural, physicist",φυσικός,Environment
moon,φεγγάρι,Environment
sky,ουρανός,Environment
ocean,ωκεανός,Environment
cloud,σύννεφο,Environment
"grandparents, grandfathers",παππούδες,Family
friends,φίλοι,Family
"grandpa, grandfather, grandparent",παππούς,Family
"relative, cognate",συγγενής,Family
"grandmother, grandma",γιαγιά,Family
"grandchild, grandson",εγγονός,Family
godfather,νονός,Family
"dad, daddy",μπαμπάς,Family
godmother,νονά,Family
cousin,ξάδερφος,Family
"marriage, wedding",γάμος,Family
"family, a family",οικογένεια,Family
"brother and sister, siblings, brothers",αδέλφια,Family
"woman, husband, wife",σύζυγος,Family
uncle,θείος,Family
aunt,θεία,Family
"father, a father, dad",πατέρας,Family
"daughter, a daughter",κόρη,Family
"sister, a sister",αδελφή,Family
son,γιος,Family
brother,αδελφός,Family
"baby, infant",μωρό,Family
parent,γονιός,Family
mother,μητέρα,Family
"children, youngsters, kids",παιδιά,Family
"I get dizzy, I am dizzy",ζαλίζομαι,Feelings
"nostalgia, nostalgic",νοσταλγία,Feelings
cool-headed,ψύχραιμος,Feelings
"(I) am afraid (of), fear, I am scared of",φοβάμαι,Feelings
"life, a life, their life without",ζωή,Feelings
proud,περήφανος,Feelings
"agree, I agree, agreed",συμφωνώ,Feelings
"do you mind, you mind",πειράζει,Feelings
"peaceful, calmed",ήρεμος,Feelings
"positive, certain, sure",σίγουρος,Feelings
"I regret, regret",μετανιώνω,Feelings
I cry,κλαίω,Feelings
"hate, I hate, I",μισώ,Feelings
"remorse, guilt",τύψεις,Feelings
"hatred, hate, enmity",μίσος,Feelings
"disappointment, frustration",απογοήτευση,Feelings
"fury, rage, temper",οργή,Feelings
I am looking forward,ανυπομονώ,Feelings
"shame, shame on, embarrassment",ντροπή,Feelings
"I am jealous of, I envy, envy",ζηλεύω,Feelings
insecure,ανασφαλής,Feelings
dislike,αντιπαθώ,Feelings
stress,άγχος,Feelings
"miss, I am away",λείπω,Feelings
"stressed, anxious, nervous",αγχωμένος,Feelings
"like (for people), like",συμπαθώ,Feelings
"sadness, sorrow",λύπη,Feelings
"I laugh, I am laughing",γελάω,Feelings
"joy, happiness",χαρά,Feelings
"afraid, scared",φοβισμένος,Feelings
"sad, sorrowful",θλιμμένος,Feelings
guilt,ενοχή,Feelings
"I am glad, I am happy, I'm glad",χαίρομαι,Feelings
"joyful, happy, cheerful",χαρούμενος,Feelings
"I am sorry, I'm sorry, sorry",λυπάμαι,Feelings
in love,ερωτευμένος,Feelings
I get angry,θυμώνω,Feelings
"(I) feel, (I am/I'm) feeling, feel",αισθάνομαι,Feelings
anger,θυμός,Feelings
"Eros (name), love (romantic and erotic, love",έρωτας,Feelings
"love, dear",αγάπη,Feelings
"I love, I adore",λατρεύω,Feelings
"feeling, sentiment, sense",συναίσθημα,Feelings
I fall in love,ερωτεύομαι,Feelings
apple,μήλου,Food
"breakfast, the breakfast plate, the breakfast dish",πρωινού,Food
water,νερού,Food
meal,γεύματος,Food
"formula, recipe, prescription",συνταγή,Food
"juice, of juice",χυμό,Food
eggs,αυγά,Food
"cookies, biscuits",μπισκότα,Food
"plates, dishes, the plates",πιάτα,Food
ice,πάγος,Food
potatoes,πατάτες,Food
"meatball, a meatball",κεφτές,Food
peach,ροδάκινο,Food
(a) vegetable,λαχανικό,Food
"steak, chop",μπριζόλα,Food
"chocolate, chocolate milk",σοκολάτα,Food
dessert,επιδόρπιο,Food
"pita, pita bread, pie",πίτα,Food
"sausage, hot dog, wiener",λουκάνικο,Food
pear,αχλάδι,Food
pepper,πιπέρι,Food
ice cream,παγωτό,Food
potato,πατάτα,Food
watermelon,καρπούζι,Food
beef,βοδινό,Food
"a melon, (a) melon",πεπόνι,Food
"vegetarian, a vegetarian",χορτοφάγος,Food
olive oil,ελαιόλαδο,Food
pork,χοιρινό,Food
fresh,φρέσκο,Food
cherry,κεράσι,Food
"meal, dinner, lunch",γεύμα,Food
meat,κρέας,Food
"tea, of tea",τσάι,Food
cucumber,αγγούρι,Food
"salad, any salad, a salad",σαλάτα,Food
"supper, dinner",δείπνο,Food
food,φαγητό,Food
salt,αλάτι,Food
onion,κρεμμύδι,Food
"pasta, macaroni, noodle",ζυμαρικά,Food
tomato,ντομάτα,Food
juice,χυμός,Food
"cheese, (some) cheese",τυρί,Food
strawberry,φράουλα,Food
beer,μπίρα,Food
fruit,φρούτο,Food
"sugar, (of) sugar",ζάχαρη,Food
breakfast,πρωινό,Food
"tasty, delicious",νόστιμος,Food
lunch,μεσημεριανό,Food
garlic,σκόρδο,Food
"pizza, of pizza",πίτσα,Food
"wine, of wine",κρασί,Food
"plate, dish",πιάτο,Food
"glass, cup, a glass of",ποτήρι,Food
egg,αυγό,Food
chicken,κοτόπουλο,Food
"orange (fruit), an orange, oranges",πορτοκάλι,Food
menu,μενού,Food
milk,γάλα,Food
I'll have thought about,θα έχω σκεφτεί,Future Perfect
I will have made,θα έχω φτιάξει,Future Perfect
I will have fallen asleep,θα έχω κοιμηθεί,Future Perfect
I will have grown old,θα έχω γεράσει,Future Perfect
I will have gotten up,θα έχω σηκωθεί,Future Perfect
"I will have studied, I will have read",θα έχω διαβάσει,Future Perfect
I will have left,θα έχω φύγει,Future Perfect
I will have finished,θα έχω τελειώσει,Future Perfect
"I will have bought, I will have purchased",θα έχω αγοράσει,Future Perfect
I will have made,θα έχω κάνει,Future Perfect
I will have brought,θα έχω φέρει,Future Perfect
"running, current",τρέχων,Gerund
"(by/while) being, being",όντας,Gerund
"trying, attempting",προσπαθώντας,Gerund
"looking at, watching, seeing",βλέποντας,Gerund
feeling,νιώθοντας,Gerund
"(while/by) searching, searching",ψάχνοντας,Gerund
"leaving, while leaving, when leaving",φεύγοντας,Gerund
having,έχοντας,Gerund
living,ζώντας,Gerund
"requesting, asking, by asking",ρωτώντας,Gerund
"speaking, talking",μιλώντας,Gerund
"walking, by walking",περπατώντας,Gerund
hoping,ελπίζοντας,Gerund
going,πηγαίνοντας,Gerund
thinking,νομίζοντας,Gerund
"believing, thinking",πιστεύοντας,Gerund
singing,τραγουδώντας,Gerund
"whether you want to, wanting, whether one wants to",θέλοντας,Gerund
"playing, while playing, by playing",παίζοντας,Gerund
"saying, telling",λέγοντας,Gerund
running,τρέχοντας,Gerund
"while doing, by doing, doing",κάνοντας,Gerund
"looking at, staring at, gazing at",κοιτάζοντας,Gerund
"somewhere, someplace",κάπου,Give directions
"away, long, far",μακριά,Give directions
south,νότος,Give directions
"west, sunset",δύση,Give directions
north,βορράς,Give directions
"south, southern",νότιος,Give directions
"east, Orient, sunrise",ανατολή,Give directions
"path, track, trail",μονοπάτι,Give directions
next,διπλανός,Give directions
"on the other side, opposite, across",απέναντι,Give directions
"eastwards, east, eastward",ανατολικά,Give directions
"in front, front, to the front",μπροστά,Give directions
"west, westwards",δυτικά,Give directions
"left, the left",αριστερά,Give directions
"right, on the right, to the right",δεξιά,Give directions
"south, southern, southwards",νότια,Give directions
"north, northwards, northern",βόρεια,Give directions
compass,πυξίδα,Give directions
"directions, instructions, guidelines",οδηγίες,Give directions
"straight, straight line, straight on",ευθεία,Give directions
"turn, I turn",στρίβω,Give directions
"I am heading, head, heading",κατευθύνομαι,Give directions
navigation,πλοήγηση,Give directions
"direction, way",κατεύθυνση,Give directions
distance,απόσταση,Give directions
destination,προορισμός,Give directions
nowhere,πουθενά,Give directions
"around, surrounding",γύρω,Give directions
there,εκεί,Give directions
here,εδώ,Give directions
"from, of, since",από,Give directions
oil,λάδι,Greece-related
marble,μάρμαρο,Greece-related
"syrtaki, the syrtaki",συρτάκι,Greece-related
"olive, Olive tree",ελιά,Greece-related
"feta cheese, feta, slice",φέτα,Greece-related
navy,στόλος,Greece-related
sunshine,λιακάδα,Greece-related
"cooking, cookery",μαγειρική,Greece-related
dolphin,δελφίνι,Greece-related
owl,κουκουβάγια,Greece-related
"revelry, feast, party",γλέντι,Greece-related
"greek, Greek, Greek man",έλληνας,Greece-related
Greek,ελληνικός,Greece-related
ancient,αρχαίος,Greece-related
shepherd,ποιμενικός,Greece-related
fair,πανηγύρι,Greece-related
"Greek, Greek woman",ελληνίδα,Greece-related
Acropolis,ακρόπολη,Greece-related
Parthenon,παρθενώνας,Greece-related
"Thessaloniki, to Thessaloniki., Salonica",θεσσαλονίκη,Greece-related
Sparta,σπάρτη,Greece-related
spoon sweets,γλυκό του κουταλιού,Greece-related
Crete,κρήτη,Greece-related
warrior,πολεμιστής,Greek Mythology
"vicious, malicious, evil",μοχθηρός,Greek Mythology
dragon,δράκος,Greek Mythology
"wand, a wand",ραβδί,Greek Mythology
hero (m),ήρωας,Greek Mythology
"goodhearted, good hearted",καλόκαρδος,Greek Mythology
dwarf,νάνος,Greek Mythology
Get well (soon)!,περαστικά,Health
nurse,νοσοκόμος,Health
I'm cold,κρυώνω,Health
heart,καρδιά,Health
"virus, a virus",ίωση,Health
elbow,αγκώνας,Health
"rash, a rash",εξάνθημα,Health
"average, middle, back",μέση,Health
"care, treatment",φροντίδα,Health
hair,τρίχα,Health
bone,κόκκαλο,Health
"neck, throat",λαιμός,Health
"itching, itch",φαγούρα,Health
dentist,οδοντίατρος,Health
(a) surgeon,χειρουργός,Health
patient,ασθενής,Health
headache,πονοκέφαλος,Health
"pain, ache",πόνος,Health
"operation, an operation, surgery",εγχείρηση,Health
fever,πυρετός,Health
"clinic, clinical",κλινική,Health
"operating room, operating theatre, surgery",χειρουργείο,Health
"back, backs",πλάτη,Health
finger,δάχτυλο,Health
tooth,δόντι,Health
skin,δέρμα,Health
pill,χάπι,Health
brain,εγκέφαλος,Health
shoulder,ώμος,Health
"chest, breast",στήθος,Health
diet,δίαιτα,Health
"eyesight, vision, sight",όραση,Health
hospital,νοσοκομείο,Health
"ambulance, an ambulance",ασθενοφόρο,Health
virus,ιός,Health
"medicine, drug",φάρμακο,Health
"a disease, illness, what disease do I have",ασθένεια,Health
"sick, ill, ailing",άρρωστος,Health
"body, figure, form",σώμα,Health
"treatment, cure, therapy",θεραπεία,Health
head,κεφάλι,Health
health,υγεία,Health
"an emergency, need, emergency",ανάγκη,Health
"help, assistance",βοήθεια,Health
blood,αίμα,Health
ancestor,πρόγονος,History
virtue,αρετή,History
"protector, guardian",προστάτης,History
"prejudice, preconception, bias",προκατάληψη,History
dead,νεκρός,History
"psychology, players'",ψυχολογία,History
"soul, psyche",ψυχή,History
"holy, sacred",ιερός,History
cross,σταυρός,History
"god, a god",θεός,History
"resistance, opposition",αντίσταση,History
knight,ιππότης,History
"global, world wide",παγκόσμιος,History
"gun, a weapon, weapon",όπλο,History
"win, defeating, victory",νίκη,History
battle,μάχη,History
"defeat, loss",ήττα,History
bomb,βόμβα,History
general,στρατηγός,History
monument,μνημείο,History
"a ruin, wreck",ερείπιο,History
"transition, change",μετάβαση,History
"renaissance, rebirth",αναγέννηση,History
"past, background",παρελθόν,History
empire,αυτοκρατορία,History
emperor,αυτοκράτορας,History
antiquity,αρχαιότητα,History
classical,κλασικός,History
"archaeologist (masc/fem), an archeologist",αρχαιολόγος,History
dinosaur,δεινόσαυρος,History
"relic (neuter), an heirloom",κειμήλιο,History
"fortress, stronghold, fort",φρούριο,History
pirate (masc.),πειρατής,History
abandoned,εγκαταλελειμμένος,History
"costs, expenses, fees",έξοδα,History
"cutlery, silverware, flatware",μαχαιροπίρουνα,Household
"central heating, heater, a radiator",καλοριφέρ,Household
"desk, office",γραφείο,Household
"carpet, rug",χαλί,Household
"armchair, lounge chair",πολυθρόνα,Household
"hallway, corridor, treadmill",διάδρομος,Household
"sofa, couch",καναπές,Household
"living room, sitting room, lounge",σαλόνι,Household
"drape, curtain, curtains",κουρτίνα,Household
"closet, wardrobe",ντουλάπα,Household
"dining room, refectory, dining",τραπεζαρία,Household
bedroom,υπνοδωμάτιο,Household
light,φως,Household
"light fixture, lamp, light",φωτιστικό,Household
"bookcase, library, bookshelf",βιβλιοθήκη,Household
"bed, a bed",κρεβάτι,Household
"shower, a shower",ντουζ,Household
"toilet, WC, bathroom",τουαλέτα,Household
"shelf, self",ράφι,Household
"bathtub, the bathtub., a bathtub",μπανιέρα,Household
"washbasin, sinks",νιπτήρας,Household
mirror,καθρέφτης,Household
"bathroom, lavatory, washroom",μπάνιο,Household
"basement, cellar, a basement",υπόγειο,Household
"attic, loft, the attic",σοφίτα,Household
"pool, swimming pool, a swimming pool",πισίνα,Household
"backyard, yard, court",αυλή,Household
garden,κήπος,Household
"stairway, stairs, staircase",σκάλα,Household
"pantry, storage room, a storeroom",αποθήκη,Household
"balcony, a balcony",μπαλκόνι,Household
drawer,συρτάρι,Household
sink,νεροχύτης,Household
"table, dinner party",τραπέζι,Household
"cupboard, locker",ντουλάπι,Household
"fridge, refrigerator, cooler",ψυγείο,Household
"faucet, tap",βρύση,Household
"oven, furnace, bakery",φούρνος,Household
"stove, cuisine, kitchen",κουζίνα,Household
"room, a room",δωμάτιο,Household
roof,σκεπή,Household
"floor, ground",πάτωμα,Household
wall,τοίχος,Household
"house, home",σπίτι,Household
window,παράθυρο,Household
"ceiling, roof, the ceiling",ταβάνι,Household
"door, the door",πόρτα,Household
"furniture, piece of furniture",έπιπλο,Household
"get dressed!, dress",ντύσου,Imperative
get up!,σήκω,Imperative
"consider, think, think (of/about)",σκέψου,Imperative
"promise!, promise",υποσχέσου,Imperative
"accept!, accept",δέξου,Imperative
rest! (imp),ξεκουράσου,Imperative
remember! (imp),θυμήσου,Imperative
"go to sleep, sleep",κοιμήσου,Imperative
Sit,κάτσε,Imperative
trust,εμπιστεύσου,Imperative
imagine (2nd sing.),φαντάσου,Imperative
"vet, veterinarian, a vet",κτηνίατρος,Jobs
"driver, guidebook",οδηγός,Jobs
Daphne (name),δάφνη,Jobs
"plumber, a plumber",υδραυλικός,Jobs
"cleaner, a cleaner",καθαριστής,Jobs
"electrician, an electrician",ηλεκτρολόγος,Jobs
"policeman, a policeman, officer",αστυνομικός,Jobs
"construction worker, builder",οικοδόμος,Jobs
"firefighter, a firefighter",πυροσβέστης,Jobs
"waiter, server, a waiter",σερβιτόρος,Jobs
"cook, chef",μάγειρας,Jobs
"job, profession, occupation",επάγγελμα,Jobs
"waitress, server, a waitress",σερβιτόρα,Jobs
"boss, supervisor, master",αφεντικό,Jobs
"farmer, a farmer, ploughman",αγρότης,Jobs
"a mechanic, mechanic, engineer",μηχανικός,Jobs
a judge,δικαστής,Jobs
"guard, a guard, keeper",φύλακας,Jobs
"captain, skipper, a captain",καπετάνιος,Jobs
"editor, writer, author",συντάκτης,Jobs
"an actor, an actress, actress",ηθοποιός,Jobs
"supervisor, manager, boss",προϊστάμενος,Jobs
"an  officer, a senior officer, officer",αξιωματικός,Jobs
"serviceman, a soldier, soldier",στρατιώτης,Jobs
"entertainer, an artist, artist",καλλιτέχνης,Jobs
"principal, manager, head",διευθυντής,Jobs
"lawyer, attorney, barrister",δικηγόρος,Jobs
"police, police force, police department",αστυνομία,Jobs
"career, a career",καριέρα,Jobs
"professional, a professional",επαγγελματίας,Jobs
"worker, labourer, laborer",εργάτης,Jobs
"secretary, a secretary",γραμματέας,Jobs
"as, to, as a",ως,Jobs
"priest, clergyman, parson",παπάς,Jobs
"doctor, medic, physician",γιατρός,Jobs
"work, job, assignment",εργασία,Jobs
"learner, pupil, student",μαθητής,Jobs
"work, job, a job",δουλειά,Jobs
"writer, author",συγγραφέας,Jobs
"model, a model",μοντέλο,Jobs
"personal, staff, personnel",προσωπικό,Jobs
a plastic (m) (nom.),πλαστικός,Materials
metallic,μεταλλικός,Materials
"fluid, humid, liquid",υγρό,Materials
"stone (adj.), stone",πέτρινος,Materials
ceramics,κεραμικά,Materials
crystal,κρύσταλλος,Materials
"a gas, gas, gaseous",αέριο,Materials
molecule,μόριο,Materials
iron,σίδηρος,Materials
gold,χρυσός,Materials
"copper, cuprum",χαλκός,Materials
silver,ασήμι,Materials
diamond,διαμάντι,Materials
"solid, a solid",στερεό,Materials
"glass, a glass",γυαλί,Materials
wood,ξύλο,Materials
"aluminum/aluminium, aluminium, aluminum",αλουμίνιο,Materials
metal,μέταλλο,Materials
"cement, concrete",τσιμέντο,Materials
"plastic, made of plastic",πλαστικό,Materials
material,υλικό,Materials
pyramid,πυραμίδα,Maths
"total, sum",σύνολο,Maths
sum,άθροισμα,Maths
"radius, ray, spoke",ακτίνα,Maths
"fate, degree",μοίρα,Maths
"cube, block",κύβος,Maths
polygon,πολύγωνο,Maths
"square, quadrate, tetragon",τετράγωνο,Maths
"rectangle, rectangular",ορθογώνιο,Maths
"cycle, circle",κύκλος,Maths
triangle,τρίγωνο,Maths
"shape, figure",σχήμα,Maths
square root,τετραγωνική ρίζα,Maths
equation,εξίσωση,Maths
fraction,κλάσμα,Maths
digit,ψηφίο,Maths
"math teacher, mathematician",μαθηματικός,Maths
divided by,διά,Maths
multiplied by,επί,Maths
division,διαίρεση,Maths
"multiplication, proliferation",πολλαπλασιασμός,Maths
plus,συν,Maths
minus,μείον,Maths
"equals, equal",ίσον,Maths
"acts, act, operation",πράξη,Maths
"subtraction, deduction, abstraction",αφαίρεση,Maths
"algebra, Algebra",άλγεβρα,Maths
"maths, mathematics, math",μαθηματικά,Maths
addition,πρόσθεση,Maths
geometry,γεωμετρία,Maths
"percent, per cent",τοις εκατό,Maths
lower,μειώνω,Maths
"group of friends, company, party",παρέα,Meeting people
"bachelor, single",εργένης,Meeting people
"victim, a victim",θύμα,Meeting people
Odysseus,οδυσσέας,Meeting people
"human being, man, person",άνθρωπος,Meeting people
"public, viewers, crowd",κοινό,Meeting people
professor,καθηγητά,Meeting people
"principal, director",διευθυντά,Meeting people
"bod, gal",τύπισσα,Meeting people
"guy, press, man",τύπος,Meeting people
"old, senior",ηλικιωμένος,Meeting people
"young, young man",νεαρός,Meeting people
"commander, governor",διοικητής,Meeting people
"main, sir, gentleman",κύριος,Meeting people
"citizen, civilian",πολίτης,Meeting people
"people (ethnic group), people",λαός,Meeting people
random,τυχαίος,Meeting people
"best friend, buddy",κολλητός,Meeting people
"a relationship, link, relationship",σχέση,Meeting people
"madam, lady, mrs.",κυρία,Meeting people
kiss,φιλί,Meeting people
"conference, congress, convention",συνέδριο,Meeting people
population,πληθυσμός,Meeting people
"foundation, institution, institute",ίδρυμα,Meeting people
culture,κουλτούρα,Meeting people
"committee, jury",επιτροπή,Meeting people
"youth, young (people)",νεολαία,Meeting people
neighbor,γείτονας,Meeting people
"individual, person, atom",άτομο,Meeting people
"girl, young woman, young lady",κοπέλα,Meeting people
friend,φίλος,Meeting people
"girlfriend, friend",φίλη,Meeting people
I kiss,φιλάω,Meeting people
"enemy, foe",εχθρός,Meeting people
"present, in attendance",παρών,Meeting people
"being, entity, creature",ον,Meeting people
"interesting, an interesting",ενδιαφέρων,Meeting people
"appropriate, proper",πρέπον,Meeting people
"saving money, thrift, saving",αποταμίευση,Money
"increase, rise",αυξάνω,Money
discount,έκπτωση,Money
"value, importance, a value",αξία,Money
payments,πληρωμές,Money
euros,ευρώ,Money
"a loan, a mortgage",δάνειο,Money
"profit, benefit, a profit",κέρδος,Money
dollar,δολάριο,Money
"price, value, honour",τιμή,Money
tax,φόρος,Money
inflation,πληθωρισμός,Money
money,χρήμα,Money
cheap,οικονομικός,Money
"credit card, a credit card",πιστωτική κάρτα,Money
"coin, currency",νόμισμα,Money
"cost, price, rate",κόστος,Money
economy,οικονομία,Money
"check, draft, cheque",επιταγή,Money
block,μπλοκ,Money
many times,πολλάκις,Numbers
"twice, two times",δις,Numbers
"last, final",τελευταίος,Numbers
"third, 3rd",τρίτος,Numbers
second,δεύτερος,Numbers
"fourth, 4th",τέταρτος,Numbers
"first, 1st",πρώτος,Numbers
"(he/she/it) wears, is wearing, time",φορά,Numbers
"fifth, fifth one, 5th",πέμπτος,Numbers
Thousand,χίλιοι,Numbers
"number, figure, numeral",νούμερο,Numbers
"number, figure, numeral",αριθμός,Numbers
four,τέσσερις,Numbers
a million,εκατομμύριο,Numbers
"infinity, infinite",άπειρο,Numbers
"zero, nought, 0",μηδέν,Numbers
ninety,ενενήντα,Numbers
three hundred,τριακόσιοι,Numbers
four hundred,τετρακόσιοι,Numbers
"one hundred, a hundred, hundred",εκατό,Numbers
two hundred,διακόσιοι,Numbers
eighty,ογδόντα,Numbers
seventy,εβδομήντα,Numbers
nineteen,δεκαεννιά,Numbers
thirty,τριάντα,Numbers
sixty,εξήντα,Numbers
fifty,πενήντα,Numbers
twenty,είκοσι,Numbers
forty,σαράντα,Numbers
"years of age, years old",χρονών,Numbers
twelve,δώδεκα,Numbers
fifteen,δεκαπέντε,Numbers
eighteen,δεκαοκτώ,Numbers
fourteen,δεκατέσσερα,Numbers
eleven,έντεκα,Numbers
sixteen,δεκαέξι,Numbers
thirteen,δεκατρία,Numbers
seventeen,δεκαεφτά,Numbers
ten,δέκα,Numbers
two,δύο,Numbers
seven,επτά,Numbers
three,τρία,Numbers
six,έξι,Numbers
nine,εννέα,Numbers
eight,οκτώ,Numbers
four,τέσσερα,Numbers
five,πέντε,Numbers
camera,κάμερα,Objects
"comb, a comb",χτένα,Objects
"knife, a knife",μαχαίρι,Objects
"pillow, cushion",μαξιλάρι,Objects
"flag, banner",σημαία,Objects
"novel, a novel",μυθιστόρημα,Objects
"bell, bell-bottomed trousers",καμπάνα,Objects
"towel, a towel",πετσέτα,Objects
"pan, pot, saucepan",κατσαρόλα,Objects
"object, item, thing",αντικείμενο,Objects
fork,πιρούνι,Objects
"pan, frying pan",τηγάνι,Objects
"paper, of paper",χαρτί,Objects
chain,αλυσίδα,Objects
"letter, (a) letter, letters",γράμμα,Objects
scissors,ψαλίδι,Objects
"rubber, eraser",γόμα,Objects
"umbrella, an umbrella",ομπρέλα,Objects
"device, apparatus, gadget",συσκευή,Objects
needle,βελόνα,Objects
"cup, mug, beaker",κούπα,Objects
"part, bit, a piece of",κομμάτι,Objects
"string, thread",κλωστή,Objects
"lightbulb, lamp, light bulb",λάμπα,Objects
"sponge, a sponge",σφουγγάρι,Objects
bag,τσάντα,Objects
"deodorant, anti-perspirant, freshener",αποσμητικό,Objects
wheel,ρόδα,Objects
"piggy bank, moneybox",κουμπαράς,Objects
"object, thing, things.",πράγμα,Objects
"pencil, a pencil",μολύβι,Objects
toothbrush,οδοντόβουρτσα,Objects
key,κλειδί,Objects
"razor, razor blade",ξυράφι,Objects
soap,σαπούνι,Objects
"straw, a straw",καλαμάκι,Objects
toothpaste,οδοντόκρεμα,Objects
pen,στυλός,Objects
"box, can",κουτί,Objects
"bedsheet, bed sheet, (a) sheet",σεντόνι,Objects
"gift, present",δώρο,Objects
"hairdryer, blowdryer, a hairdryer",πιστολάκι,Objects
"screen, monitor",οθόνη,Objects
"notebook, notepad",τετράδιο,Objects
"gun, pistol, handgun",πιστόλι,Objects
"battery, a battery",μπαταρία,Objects
"match, toy, game",παιχνίδι,Objects
"rope, string, tightrope",σχοινί,Objects
"watch, meter, clock",ρολόι,Objects
"(personal) computer, PC, computer",υπολογιστής,Objects
"cellphone, cell phone, mobile phone",κινητό,Objects
basket,καλάθι,Objects
"blanket, a blanket",κουβέρτα,Objects
bowl,μπολ,Objects
"a TV, tv set, television",τηλεόραση,Objects
"a machine, motorcycle, machine",μηχανή,Objects
"chair, the chair, a chair",καρέκλα,Objects
"magazine, periodical",περιοδικό,Objects
"spoon, spoonful, a spoon",κουτάλι,Objects
"bottle, bottle of",μπουκάλι,Objects
"radio, the radio, radiophone",ραδιόφωνο,Objects
"newspapers, papers",εφημερίδες,Objects
books,βιβλία,Objects
book,βιβλίο,Objects
my name is,ονομάζομαι,"Passive voice (-μαι, ...)"
"get tired, am tired, wear myself out",κουράζομαι,"Passive voice (-μαι, ...)"
i am not influenced,επηρεάζομαι,"Passive voice (-μαι, ...)"
hide,κρύβομαι,"Passive voice (-μαι, ...)"
"appear, perform",εμφανίζομαι,"Passive voice (-μαι, ...)"
"I am paid, I get paid",πληρώνομαι,"Passive voice (-μαι, ...)"
"disappearing, I get lost, (I) lose my way",χάνομαι,"Passive voice (-μαι, ...)"
"is getting wet, gets wet",βρέχεται,"Passive voice (-μαι, ...)"
"gets paid., is paid., is getting paid",πληρώνεται,"Passive voice (-μαι, ...)"
"refer to, am referring, I refer",αναφέρομαι,"Passive voice (-μαι, ...)"
"is worn, is being worn, worn",φοριέται,"Passive voice (-μαι, ...)"
stand,σηκώνομαι,"Passive voice (-μαι, ...)"
is used,χρησιμοποιείται,"Passive voice (-μαι, ...)"
"is read, read",διαβάζεται,"Passive voice (-μαι, ...)"
"heated, is heated, is heated up",ζεσταίνεται,"Passive voice (-μαι, ...)"
"can be eaten, is eaten, eaten",τρώγεται,"Passive voice (-μαι, ...)"
"is drinkable, is safe to drink, is potable",πίνεται,"Passive voice (-μαι, ...)"
"is cooked, is being prepared",μαγειρεύεται,"Passive voice (-μαι, ...)"
I am,βρίσκομαι,"Passive voice (-μαι, ...)"
"I refuse, deny",αρνούμαι,"Passive voice (-μαι, ...)"
i accept,αποδέχομαι,"Passive voice (-μαι, ...)"
respect,σέβομαι,"Passive voice (-μαι, ...)"
"i sit, I am sitting, seated",κάθομαι,"Passive voice (-μαι, ...)"
"I prefer, prefer",προτιμώ,"Passive voice (-μαι, ...)"
"work, I work",εργάζομαι,"Passive voice (-μαι, ...)"
"I am thinking, considering, think",σκέφτομαι,"Passive voice (-μαι, ...)"
"accept, I accept",δέχομαι,"Passive voice (-μαι, ...)"
"I imagine, imagining",φαντάζομαι,"Passive voice (-μαι, ...)"
"am dreaming, dream, am dreaming (about/of)",ονειρεύομαι,"Passive voice (-μαι, ...)"
"(I am) resting, (I am) relaxing, (I) rest",ξεκουράζομαι,"Passive voice (-μαι, ...)"
become,γίνομαι,"Passive voice (-μαι, ...)"
visit,επισκέπτομαι,"Passive voice (-μαι, ...)"
seem,φαίνομαι,"Passive voice (-μαι, ...)"
promise,υπόσχομαι,"Passive voice (-μαι, ...)"
"(I) wish, hope, wish",εύχομαι,"Passive voice (-μαι, ...)"
"(I) trust, (I am) trusting, trust",εμπιστεύομαι,"Passive voice (-μαι, ...)"
"sleep, sleeping, I sleep",κοιμάμαι,"Passive voice (-μαι, ...)"
"arrive, I am coming, come",έρχομαι,"Passive voice (-μαι, ...)"
"I am bored of, I am bored, I am tired of",βαριέμαι,"Passive voice (-μαι, ...)"
"I need, do I need, (do) I need",χρειάζομαι,"Passive voice (-μαι, ...)"
"recall, remember, I remember",θυμάμαι,"Passive voice (-μαι, ...)"
"I thought, thought, I used to think",νόμιζα,Past continuous
(I) was feeling,ένιωθα,Past continuous
I was leaving,έφευγα,Past continuous
I was hoping,ήλπιζα,Past continuous
I was showing,έδειχνα,Past continuous
I was talking,μιλούσα,Past continuous
"I was looking for, I was searching",έψαχνα,Past continuous
"i was finding, I used to find",έβρισκα,Past continuous
I was calling,έπαιρνα,Past continuous
I was giving,έδινα,Past continuous
I was changing,άλλαζα,Past continuous
"I was working, I worked, I used to work",δούλευα,Past continuous
"I used to believe, thought, believed",πίστευα,Past continuous
I was living,ζούσα,Past continuous
"I spent, I used to spend",ξόδευα,Past continuous
I was trying,προσπαθούσα,Past continuous
I was selling,πουλούσα,Past continuous
it was happening,συνέβαινε,Past continuous
I was drinking,έπινα,Past continuous
"I was staying, I was living",έμενα,Past continuous
sang,τραγουδούσα,Past continuous
(I) was playing,έπαιζα,Past continuous
I was saying,έλεγα,Past continuous
I was helping,βοηθούσα,Past continuous
was listening,άκουγα,Past continuous
I was going,πήγαινα,Past continuous
I was cooking,μαγείρευα,Past continuous
"(I) was eating, eating",έτρωγα,Past continuous
existed,υπήρχα,Past continuous
"I swam, I was swimming, swam",κολυμπούσα,Past continuous
"could, used to be able, I could",μπορούσα,Past continuous
I was running,έτρεχα,Past continuous
(I) was watching,έβλεπα,Past continuous
"may, may (expressing wish), if only",μακάρι,Past continuous of -μαι verbs
"I was coming, I came to",ερχόμουν,Past continuous of -μαι verbs
"I was dreaming, dream of",ονειρευόμουν,Past continuous of -μαι verbs
"I needed, I used to need",χρειαζόμουν,Past continuous of -μαι verbs
"I was bored, I was getting bored, I used to get bored",βαριόμουν,Past continuous of -μαι verbs
"I was picturing, I was imagining of",φανταζόμουν,Past continuous of -μαι verbs
"I was thinking, think of",σκεφτόμουν,Past continuous of -μαι verbs
I was sleeping,κοιμόμουν,Past continuous of -μαι verbs
I was,βρισκόμουν,Past continuous of -μαι verbs
"I used to remember, I remembered, remembering",θυμόμουν,Past continuous of -μαι verbs
"I was heard, I sounded, sounded",ακουγόμουν,Past continuous of -μαι verbs
"I used to get lost, I was getting lost",χανόμουν,Past continuous of -μαι verbs
was sitting,καθόμουν,Past continuous of -μαι verbs
"I was getting up, I used to get up",σηκωνόμουν,Past continuous of -μαι verbs
"subscribed (masc.), subscribed, registered",εγγεγραμμένος,Past Participle
granted,δεδομένος,Past Participle
"worker, working",εργαζόμενος,Past Participle
warming,θερμαινόμενος,Past Participle
refusing to,αρνούμενος,Past Participle
"thinking, sensible",σκεπτόμενος,Past Participle
hidden,κρυμμένος,Past Participle
spelled,γραμμένος,Past Participle
"favorite / favourite, favorite, sweetheart",αγαπημένος,Past Participle
drunk,πιωμένος,Past Participle
paid,πληρωμένος,Past Participle
"satisfied, delighted, pleased",ευχαριστημένος,Past Participle
well-read,διαβασμένος,Past Participle
"dependent on, addicted to, depended",εξαρτημένος,Past Participle
used,χρησιμοποιημένος,Past Participle
"finished, done for",τελειωμένος,Past Participle
"prohibited, forbidden",απαγορευμένος,Past Participle
"lost, loser",χαμένος,Past Participle
invited,καλεσμένος,Past Participle
I was disappointed,είχα απογοητευτεί,Past perfect simple (I had …)
it had happened,είχε συμβεί,Past perfect simple (I had …)
I had refused the charge.,είχα αρνηθεί,Past perfect simple (I had …)
"had answered, had answered you",είχα απαντήσει,Past perfect simple (I had …)
(I) had given,είχα δώσει,Past perfect simple (I had …)
I had left,είχα φύγει,Past perfect simple (I had …)
had used,είχα χρησιμοποιήσει,Past perfect simple (I had …)
I played,είχα παίξει,Past perfect simple (I had …)
"had become, had happened",είχε γίνει,Past perfect simple (I had …)
"had spoken, had talked",είχα μιλήσει,Past perfect simple (I had …)
had been,είχα πάει,Past perfect simple (I had …)
have cooked,είχα μαγειρέψει,Past perfect simple (I had …)
"I received, I got",παρέλαβα,Past simple
"I cleaned, cleared",καθάρισα,Past simple
"I spent, I have spent, i confused with",πέρασα,Past simple
"supported, claimed",υποστήριξα,Past simple
I hoped,ήλπισα,Past simple
I tried,προσπάθησα,Past simple
"I delivered, I handed in, i handed over",παρέδωσα,Past simple
I begged,παρακάλεσα,Past simple
"I didn't watch my step, I wasn't careful, I didn't pay attention",πρόσεξα,Past simple
"I threw away, I flew",πέταξα,Past simple
"I adored, I loved",λάτρεψα,Past simple
"did I thank, I thanked, thank",ευχαρίστησα,Past simple
I maintained,διατήρησα,Past simple
"i failed, failed",απέτυχα,Past simple
"I lost, lost, I missed",έχασα,Past simple
(I) searched,έψαξα,Past simple
"believed, thought",πίστεψα,Past simple
"started, begun",ξεκίνησα,Past simple
"I picked up, I lifted",σήκωσα,Past simple
"emailed, (I) sent, texted",έστειλα,Past simple
I lived,έζησα,Past simple
I tried,δοκίμασα,Past simple
"I turned off, locked",έκλεισα,Past simple
"I came back, I returned",επέστρεψα,Past simple
I called,κάλεσα,Past simple
loved,αγάπησα,Past simple
"I remembered, recalled",θυμήθηκα,Past simple
"changed, switched",άλλαξα,Past simple
"(I) looked (at), took a look",κοίταξα,Past simple
"left, went, I left",έφυγα,Past simple
felt,ένιωσα,Past simple
I added,πρόσθεσα,Past simple
"asked, I asked, inquired",ρώτησα,Past simple
I followed,ακολούθησα,Past simple
i met,γνώρισα,Past simple
"i drove, rode, ridden",οδήγησα,Past simple
"I met, encountered",συνάντησα,Past simple
introduced,σύστησα,Past simple
I recognised,αναγνώρισα,Past simple
"kept, I kept, booked",κράτησα,Past simple
"happened, did it happen",συνέβη,Past simple
"(I) forgot, forgetting, left",ξέχασα,Past simple
showed,έδειξα,Past simple
"fell, I fell, ran into",έπεσα,Past simple
drawn,σχεδίασα,Past simple
"mowed, picked, clipped",έκοψα,Past simple
I put (past),έβαλα,Past simple
"knew, I knew, known",ήξερα,Past simple
worked,δούλεψα,Past simple
"went out, snuck",βγήκα,Past simple
"leave - left, left",άφησα,Past simple
"did, I made",έφτιαξα,Past simple
"touched, I touched",άγγιξα,Past simple
"entered, got in, I entered",μπήκα,Past simple
I brought,έφερα,Past simple
"I answered, Did i answer, answered",απάντησα,Past simple
"I finished, finished",τελείωσα,Past simple
"I opened, opened, unpacked",άνοιξα,Past simple
"won, I won, conquered",νίκησα,Past simple
I bought,αγόρασα,Past simple
"walked, I walked",περπάτησα,Past simple
I could,μπόρεσα,Past simple
"gave, have given, I gave",έδωσα,Past simple
stayed,έμεινα,Past simple
"stopped, have stopped, paused",σταμάτησα,Past simple
"I got, I took out, took",πήρα,Past simple
"used, have used, I used",χρησιμοποίησα,Past simple
"(I) wrote, I wrote",έγραψα,Past simple
"found, (I) found, I found",βρήκα,Past simple
"listened, I heard, heard",άκουσα,Past simple
"I wanted, wanted, I did want",ήθελα,Past simple
"(I) said, (I) told, said",είπα,Past simple
"do, had, I made",έκανα,Past simple
"I had, I have had, had",είχα,Past simple
"I saw, I watched",είδα,Past simple
"played, I played",έπαιξα,Past simple
cooked,μαγείρεψα,Past simple
"drank, mild",ήπια,Past simple
I ate,έφαγα,Past simple
"I have been, I was, was",ήμουν,Past simple
"came, I came",ήρθα,Past simple
"I spoke, talked, spoke",μίλησα,Past simple
"I went, went, took",πήγα,Past simple
fell in love,ερωτεύτηκα,Past simple of -μαι verbs
I was sad,λυπήθηκα,Past simple of -μαι verbs
discouraged,απογοητεύτηκα,Past simple of -μαι verbs
I felt,αισθάνθηκα,Past simple of -μαι verbs
"I looked at myself, I got a look at myself",κοιτάχτηκα,Past simple of -μαι verbs
I got scared,φοβήθηκα,Past simple of -μαι verbs
I was influenced,επηρεάστηκα,Past simple of -μαι verbs
"I got painted, I put on make up",βάφτηκα,Past simple of -μαι verbs
I got dressed,ντύθηκα,Past simple of -μαι verbs
I felt hot,ζεστάθηκα,Past simple of -μαι verbs
I was born,γεννήθηκα,Past simple of -μαι verbs
"I washed up, washed",πλύθηκα,Past simple of -μαι verbs
I got lost,χάθηκα,Past simple of -μαι verbs
"rest, rested",ξεκουράστηκα,Past simple of -μαι verbs
I got up,σηκώθηκα,Past simple of -μαι verbs
"thought, figured",σκέφτηκα,Past simple of -μαι verbs
I refused,αρνήθηκα,Past simple of -μαι verbs
I worked,εργάστηκα,Past simple of -μαι verbs
I accepted,δέχτηκα,Past simple of -μαι verbs
I trusted,εμπιστεύτηκα,Past simple of -μαι verbs
I needed,χρειάστηκα,Past simple of -μαι verbs
I visited,επισκέφτηκα,Past simple of -μαι verbs
(I got/am) tired,κουράστηκα,Past simple of -μαι verbs
I got bored,βαρέθηκα,Past simple of -μαι verbs
"I slept, asleep",κοιμήθηκα,Past simple of -μαι verbs
sat,κάθισα,Past simple of -μαι verbs
"I dreamed, dreamed",ονειρεύτηκα,Past simple of -μαι verbs
wished,ευχήθηκα,Past simple of -μαι verbs
"silly, stupid",ανόητος,People's character
"selfish, egoist",εγωιστής,People's character
sociable,κοινωνικός,People's character
generous,γενναιόδωρος,People's character
"unlikeable, unlikable",αντιπαθητικός,People's character
"honest, an honest",τίμιος,People's character
"likeable, likable",συμπαθητικός,People's character
"terrible, awful, foul",απαίσιος,People's character
"serious, severe",σοβαρός,People's character
"weird, bizarre",παράξενος,People's character
"negative, disapproving",αρνητικός,People's character
"kind, nice, good",ευγενικός,People's character
friendly,φιλικός,People's character
brave,γενναίος,People's character
"rude, unkind, impolite",αγενής,People's character
"insane, mad, crazy",τρελός,People's character
positive,θετικός,People's character
"kind, nice, good",καλός,People's character
"smart, intelligent, clever",έξυπνος,People's character
independent,ανεξάρτητος,People's character
"sweet, cute",γλυκός,People's character
funny,αστείος,People's character
"liable, responsible, in charge",υπεύθυνος,People's character
"quiet, silent",ήσυχος,People's character
"bad, villain",κακός,People's character
character,χαρακτήρας,People's character
mind,μυαλό,Philosophy
ideals,ιδανικά,Philosophy
"model, prototype, epitome",πρότυπο,Philosophy
educated,μορφωμένος,Philosophy
"an education, education",μόρφωση,Philosophy
"(a) pessimist, pessimistic",απαισιόδοξος,Philosophy
solidarity,αλληλεγγύη,Philosophy
"foundation, basis, stand",βάση,Philosophy
wise,σοφός,Philosophy
principles,αρχές,Philosophy
"(I) judge, judge",κρίνω,Philosophy
Enlightenment,διαφωτισμός,Philosophy
argument,επιχείρημα,Philosophy
philosopher,φιλόσοφος,Philosophy
realize,συνειδητοποιώ,Philosophy
philosophy,φιλοσοφία,Philosophy
"subconscious, subconsciousness",υποσυνείδητο,Philosophy
"truth, true",αλήθεια,Philosophy
"kind, category, variety",είδος,Philosophy
"lie, falsehood, false",ψέμα,Philosophy
"myth, legend",μύθος,Philosophy
"(a) conscience, conscience",συνείδηση,Philosophy
"optimistic, optimist, hopeful",αισιόδοξος,Philosophy
theory,θεωρία,Philosophy
experience,εμπειρία,Philosophy
"morality, ethics, continence",ηθική,Philosophy
emotional,συναισθηματικός,Philosophy
"meaning, sense, point",νόημα,Philosophy
"logic, reasonably, reasoning",λογική,Philosophy
"example, instance",παράδειγμα,Philosophy
"an answer, response, a reply",απάντηση,Philosophy
"question, inquiry",ερώτηση,Philosophy
"harbour, port, harbor",λιμάνι,Places
farm,αγρόκτημα,Places
"peak, top, the top",κορυφή,Places
square,πλατεία,Places
town,κωμόπολη,Places
"prison, jail, in prison",φυλακή,Places
zoological,ζωολογικός,Places
"flat, apartment, condo",διαμέρισμα,Places
"vicinity, neighborhood",γειτονιά,Places
"theatre, movie theater, cinema",κινηματογράφος,Places
"route, commute, way",διαδρομή,Places
"corner, angle, on the corner",γωνία,Places
"inside, interior, indoor",εσωτερικό,Places
tower,πύργος,Places
"avenue, boulevard",λεωφόρος,Places
"part, around, venue",μέρος,Places
"hotel, at a hotel",ξενοδοχείο,Places
valley,κοιλάδα,Places
"shore, the coast, coast",ακτή,Places
"capital, capital city",πρωτεύουσα,Places
"village, a village",χωριό,Places
"station, stop, post",σταθμός,Places
bar,μπαρ,Places
"ownership, property, owning",ιδιοκτησία,Places
"buy, market, buying",αγορά,Places
"(an) island, island",νησί,Places
"department, part, section",τμήμα,Places
"circumference, district, province",περιφέρεια,Places
bank,τράπεζα,Places
"cemetery, graveyard",νεκροταφείο,Places
building,κτήριο,Places
"address, direction",διεύθυνση,Places
"area, district, region",περιοχή,Places
park,πάρκο,Places
"supermarket, supermarkets, a supermarket",σουπερμάρκετ,Places
castle,κάστρο,Places
"center, centre, middle",κέντρο,Places
"shop, store",μαγαζί,Places
"town, city",πόλη,Places
"road, route, street",δρόμος,Places
"airport, an airport",αεροδρόμιο,Places
church,εκκλησία,Places
tavern,ταβέρνα,Places
country,χώρα,Places
"gym, gymnasium, the gym",γυμναστήριο,Places
restaurant,εστιατόριο,Places
"beach, seaside, beachfront",παραλία,Places
"cafeteria, coffee shop, cafe",καφετέρια,Places
treaty,συνθήκη,Politics
"armed forces, military, army",στρατός,Politics
unemployment,ανεργία,Politics
dictatorship,δικτατορία,Politics
"demonstration, the demonstration, protests",διαδήλωση,Politics
"borders, border",σύνορα,Politics
revolution,επανάσταση,Politics
strike,απεργία,Politics
providing,παροχή,Politics
right,δικαίωμα,Politics
"I struggle, I fight, struggling",αγωνίζομαι,Politics
"demonstration, route, protest march",πορεία,Politics
displeasure,δυσαρέσκεια,Politics
union,σωματείο,Politics
folk,λαϊκός,Politics
"I am concerned, I am occupied with, I am involved in",ασχολούμαι,Politics
"issue, matter",ζήτημα,Politics
publish,εκδίδω,Politics
"politician, political",πολιτικός,Politics
"violence, force",βία,Politics
party,κόμμα,Politics
mayor,δήμαρχος,Politics
queen,βασίλισσα,Politics
"candidate, a candidate",υποψήφιος,Politics
king,βασιλιάς,Politics
"I am interested, interested",ενδιαφέρομαι,Politics
"commander, governor, the ruler of",κυβερνήτης,Politics
movement,κίνημα,Politics
prime minister,πρωθυπουργός,Politics
public,δημόσιος,Politics
"minister, secretary of the treasury",υπουργός,Politics
parliament,κοινοβούλιο,Politics
"ministry, department",υπουργείο,Politics
slave,δούλος,Politics
"freedom, liberty",ελευθερία,Politics
"I disagree, disagree",διαφωνώ,Politics
"vote, votes",ψήφος,Politics
"hymn, anthem, anthems",ύμνος,Politics
"power, authority",εξουσία,Politics
oligarchy,ολιγαρχία,Politics
national,εθνικός,Politics
"magistrate, a judge",δικαστικός,Politics
court,δικαστήριο,Politics
elections,εκλογές,Politics
"democracy, republic",δημοκρατία,Politics
ally,σύμμαχος,Politics
government,κυβέρνηση,Politics
"community, society",κοινωνία,Politics
"president, the president",πρόεδρος,Politics
"deciding, determination, decision",απόφαση,Politics
law,νόμος,Politics
state,κράτος,Politics
"vote, I vote",ψηφίζω,Politics
"(to) trust, trust",εμπιστευτώ,Politics
"(I) get up, stand",σηκωθώ,Politics
"accept, agree",δεχτώ,Politics
"nearby, close to",κοντά,Prepositions
except,εκτός,Prepositions
"because (of), due to, because of",λόγω,Prepositions
"according, against, by",κατά,Prepositions
"towards, to",προς,Prepositions
instead,αντί,Prepositions
between,μεταξύ,Prepositions
"after, then",μετά,Prepositions
down,κάτω,Prepositions
without,χωρίς,Prepositions
"on, over, on top of",πάνω,Prepositions
"out, outside",έξω,Prepositions
"like, as, such as",όπως,Prepositions
"because of, due to",εξαιτίας,Prepositions
"behind, back",πίσω,Prepositions
"inside, into, in",μέσα,Prepositions
"next to, near, by",δίπλα,Prepositions
"like, as, in",σαν,Prepositions
"for, about",για,Prepositions
"among, between, Amidst",ανάμεσα,Prepositions
"us, to us",εμάς,Prepositions
me,εμένα,Prepositions
to,σε,Prepositions
I am,έχω χαθεί,Present perfect simple (I have ...)
I have started,έχω αρχίσει,Present perfect simple (I have ...)
have loved,έχω αγαπήσει,Present perfect simple (I have ...)
"have answered, have replied, have responded",έχω απαντήσει,Present perfect simple (I have ...)
"I have won, have won, I've won",έχω νικήσει,Present perfect simple (I have ...)
"I have taken, I have gotten, I have received",έχω πάρει,Present perfect simple (I have ...)
"have been, have gone",έχω πάει,Present perfect simple (I have ...)
(I) have talked (to),έχω μιλήσει,Present perfect simple (I have ...)
"very, too",πάρα,Quantities
"nothing, not anything",τίποτα,Quantities
"no, no...at all, no one",καμία,Quantities
"each one, everybody, everyone",καθένας,Quantities
"any, no, none",κανένα,Quantities
"other, another, else",άλλη,Quantities
"other, else",άλλος,Quantities
"more, anymore, other",άλλο,Quantities
something,κάτι,Quantities
"every, each",κάθε,Quantities
"any, nobody, anybody",κανείς,Quantities
"someone, some",κάποια,Quantities
"someone, somebody, one",κάποιος,Quantities
some,κάποιο,Quantities
some,μερικοί,Quantities
"a bit (of), a little bit, a little",λίγο,Quantities
whose,των οποίων,Relative pronouns
"who, which",η οποία,Relative pronouns
"that, who, which",το οποίο,Relative pronouns
"so, so much",τόσος,Relative pronouns
"who, that",οι οποίοι,Relative pronouns
"who, whom",τους οποίους,Relative pronouns
whoever,όποιος,Relative pronouns
"where, anywhere, wherever",όπου,Relative pronouns
"who, which",ο οποίος,Relative pronouns
"where, that, whom",που,Relative pronouns
whose,του οποίου,Relative pronouns
"all, what, everything","ό,τι",Relative pronouns
whom,τον οποίον,Relative pronouns
"primary, primary school, elementary",δημοτικό,School
"school, faculty",σχολή,School
kindergarten,νηπιαγωγείο,School
high school,λύκειο,School
middle school,γυμνάσιο,School
"classroom, class, grade",τάξη,School
"idea, concept, clue",ιδέα,School
study,εξετάζω,School
"document, paper",έγγραφο,School
poem,ποίημα,School
"diploma, degree, certificate",πτυχίο,School
"degree, point",βαθμός,School
"examination, test, exam",εξέταση,School
"successful, successful candidate",επιτυχών,School
checking,ελέγχω,School
"Ph.D., doctorate, a doctorate",διδακτορικό,School
"goal, target, aim",στόχος,School
"(a) Master, the Master's",μεταπτυχιακό,School
"the teaching, teaching, instruction",διδασκαλία,School
"history, story",ιστορία,School
"semester, midterm",εξάμηνο,School
"teacher, a teacher, instructor",δάσκαλος,School
untie,λύνω,School
"importance, meaning, matters",σημασία,School
page,σελίδα,School
"lecture, a lecture",διάλεξη,School
"university, college",πανεπιστήμιο,School
exercise,άσκηση,School
presentation,παρουσίαση,School
"professor, tutor",καθηγητής,School
"word, a word",λέξη,School
"I understood, got it, understood",κατάλαβα,School
"proposition, recommendation, proposal",πρόταση,School
"chapter, capital",κεφάλαιο,School
knowledge,γνώση,School
rule,κανόνας,School
"lesson, course, subject",μάθημα,School
"test, exam, a test",διαγώνισμα,School
"reason, purpose, speech",λόγος,School
"I study, study, I'm studying",σπουδάζω,School
"education, training",εκπαίδευση,School
"schedule, program, programme",πρόγραμμα,School
"I am learning, I learn, learning",μαθαίνω,School
studies,σπουδές,School
"school, to school",σχολείο,School
"habitat, clue",στοιχείο,Science
astronaut,αστροναύτης,Science
"rocket, rocket ship",πύραυλος,Science
organization/organisation,οργανισμός,Science
chemist,χημικός,Science
physics,φυσική,Science
chemistry,χημεία,Science
"research, investigating",ερευνώ,Science
I invent,εφευρίσκω,Science
"amount, quantity",ποσότητα,Science
Biology,βιολογία,Science
method,μέθοδος,Science
"cause, reason, ground",αιτία,Science
"article, piece",άρθρο,Science
"depth, deepness, bottom",βάθος,Science
invention,εφεύρεση,Science
"research, investigation",έρευνα,Science
"laboratory, lab",εργαστήριο,Science
scientist,επιστήμονας,Science
definition,ορισμός,Science
electricity,ηλεκτρισμός,Science
"technology, tech",τεχνολογία,Science
"token, specimen, sample",δείγμα,Science
limit,όριο,Science
surface,επιφάνεια,Science
"crowd, mass",μάζα,Science
"technological, tech",τεχνολογικός,Science
"discovery, find (noun), detection",ανακάλυψη,Science
analysis,ανάλυση,Science
energy,ενέργεια,Science
"speed, velocity, rapidity",ταχύτητα,Science
"unit, entity, monad",μονάδα,Science
detail,λεπτομέρεια,Science
temperature,θερμοκρασία,Science
"technique, method",τεχνική,Science
"remark, observation",παρατήρηση,Science
scientific,επιστημονικός,Science
"case, assumption",υπόθεση,Science
"conclusion, inference",συμπέρασμα,Science
"science, a science",επιστήμη,Science
"process, procedure",διαδικασία,Science
experiment,πείραμα,Science
congratulations,συγχαρητήρια,Social Events
"fact, event",γεγονός,Social Events
event,εκδήλωση,Social Events
"market, marketplace, fair",παζάρι,Social Events
ceremony,τελετή,Social Events
"lottery, lottery ticket",λαχείο,Social Events
"party, parties",πάρτι,Social Events
bravo,μπράβο,Social Events
"winner, winning",νικητής,Social Events
"contest, competition",διαγωνισμός,Social Events
"inauguration, oath taking, swearing in",ορκωμοσία,Social Events
"celebration, celebation, festival",γιορτή,Social Events
"graduation, graduating, graduations",αποφοίτηση,Social Events
"raffle, drawing, draw",κλήρωση,Social Events
marathon,μαραθώνιος,Social Events
"festival, festivals",φεστιβάλ,Social Events
firework,πυροτέχνημα,Social Events
funeral,κηδεία,Social Events
death,θάνατος,Social Events
die,πεθαίνω,Social Events
"birthday, birthdays",γενέθλια,Social Events
profile,προφίλ,Social Media
group conversation,ομαδική συνομιλία,Social Media
"report, mention, reference",αναφορά,Social Media
comment,σχολιάζω,Social Media
active,ενεργός,Social Media
nickname,ψευδώνυμο,Social Media
"post, posting",ανάρτηση,Social Media
user,χρήστης,Social Media
notification,ειδοποίηση,Social Media
a friend request,αίτημα φιλίας,Social Media
"share, sharing",κοινοποίηση,Social Media
"bill, check, account",λογαριασμός,Social Media
social media,μέσα κοινωνικής δικτύωσης,Social Media
misfortune,ατυχία,Spirituality
nightmare,εφιάλτης,Spirituality
luck,τύχη,Spirituality
blessing,ευλογία,Spirituality
"dream, a dream",όνειρο,Spirituality
"grave, tomb",τάφος,Spirituality
halo,φωτοστέφανο,Spirituality
demon,δαίμονας,Spirituality
angel,άγγελος,Spirituality
saint,άγιος,Spirituality
"Heaven, Paradise",παράδεισος,Spirituality
Hell,κόλαση,Spirituality
"symbol, sign, emblem",σύμβολο,Spirituality
religion,θρησκεία,Spirituality
"faith, belief",πίστη,Spirituality
"Present, This, present",παρόν,Spirituality
"prayer, praying",προσευχή,Spirituality
religious,θρήσκος,Spirituality
"future, a future",μέλλον,Spirituality
superstition,δεισιδαιμονία,Spirituality
penalty area (sports),μεγάλη περιοχή,Sports
"goalmouth [sports], goalmouth",μικρή περιοχή,Sports
"referee, umpire",διαιτητής,Sports
broadcaster,εκφωνητής,Sports
"defence, defense",άμυνα,Sports
"sportswriter, sports reporter",αθλητικογράφος,Sports
"attack, offense",επίθεση,Sports
"goal, goals",γκολ,Sports
"end, goal, terminal",τέρμα,Sports
"kick, I kick the ball",κλωτσώ,Sports
"defender, defenceman",αμυντικός,Sports
goalkeeper (m. & f.),τερματοφύλακας,Sports
"pass, handoff",πάσα,Sports
player,παίκτης,Sports
"follower, fan, believer",οπαδός,Sports
net,δίχτυ,Sports
"soccer, football",ποδόσφαιρο,Sports
"football player, footballer, soccer player",ποδοσφαιριστής,Sports
"coach, trainer",προπονητής,Sports
"versus, vs, against",εναντίον,Sports
"team, group",ομάδα,Sports
"opposing, enemy, opponent",αντίπαλος,Sports
"sportsman, fan",φίλαθλος,Sports
score,σκοράρω,Sports
"captain, commander, leader",αρχηγός,Sports
"championship, league",πρωτάθλημα,Sports
"pitch, playing field, court",γήπεδο,Sports
volleyball,βόλεϊ,Sports
basketball,μπάσκετ,Sports
"ball, a ball",μπάλα,Sports
volleyball,πετοσφαίριση,Sports
basketball,καλαθοσφαίριση,Sports
"point, score",πόντος,Sports
"equipment, outfit",εξοπλισμός,Sports
record,ρεκόρ,Sports
"cup, championship game",κύπελλο,Sports
wrestling,πάλη,Sports
champion,πρωταθλητής,Sports
boxing,πυγμαχία,Sports
step,βήμα,Sports
medal,μετάλλιο,Sports
"match, game, race",αγώνας,Sports
track and field,στίβος,Sports
muscles,μυς,Sports
muscular,μυώδης,Sports
ideal,ιδεώδες,Sports
"athletism, athletics",αθλητισμός,Sports
"fitness instructor, a fitness instructor",γυμναστής,Sports
"work out, working out, exercise",γυμναστική,Sports
sport,άθλημα,Sports
"athlete, sportsman, sportsperson",αθλητής,Sports
athletic,αθλητικός,Sports
leave,φύγω,Subjunctive of common verbs
(I) protect,προστατέψω,Subjunctive of common verbs
open,ανοίξω,Subjunctive of common verbs
"leave, (I) let, let",αφήσω,Subjunctive of common verbs
"shut, close, shutting",κλείσω,Subjunctive of common verbs
"(I) try, try",προσπαθήσω,Subjunctive of common verbs
go out,βγω,Subjunctive of common verbs
pay,πληρώσω,Subjunctive of common verbs
"(I) enter, (I) get (in), enter",μπω,Subjunctive of common verbs
"finish, end",τελειώσω,Subjunctive of common verbs
(I) bring,φέρω,Subjunctive of common verbs
follow,ακολουθήσω,Subjunctive of common verbs
(I) start/begin,ξεκινήσω,Subjunctive of common verbs
"(I) return, (I) come back",επιστρέψω,Subjunctive of common verbs
(I) send,στείλω,Subjunctive of common verbs
"cook, make",μαγειρέψω,Subjunctive of common verbs
"(I) become, become",γίνω,Subjunctive of common verbs
"talk, speak",μιλήσω,Subjunctive of common verbs
"begin, start",αρχίσω,Subjunctive of common verbs
come,έρθω,Subjunctive of common verbs
"come by, drop by, pass",περάσω,Subjunctive of common verbs
"take, get, I get",πάρω,Subjunctive of common verbs
"help, aid, assist",βοηθήσω,Subjunctive of common verbs
"answer, reply, respond",απαντήσω,Subjunctive of common verbs
"stay, staying",μείνω,Subjunctive of common verbs
"buy, purchasing",αγοράσω,Subjunctive of common verbs
sell,πουλήσω,Subjunctive of common verbs
"let's, let us, may",ας,Subjunctive of common verbs
"it should (for past), you, had to",έπρεπε,Subjunctive of common verbs
put,βάλω,Subjunctive of common verbs
"notice, be careful, watch out",προσέξω,Subjunctive of common verbs
"read, study",διαβάσω,Subjunctive of common verbs
find,βρω,Subjunctive of common verbs
make,φτιάξω,Subjunctive of common verbs
"happens, happen, happened",συμβεί,Subjunctive of common verbs
try,δοκιμάσω,Subjunctive of common verbs
"to pose, (I) ask, ask",ρωτήσω,Subjunctive of common verbs
"look for, search for",ψάξω,Subjunctive of common verbs
"(I) forget, forget",ξεχάσω,Subjunctive of common verbs
fly (1st sing.),πετάξω,Subjunctive of common verbs
drink,πιω,Subjunctive of common verbs
"say, tell",πω,Subjunctive of common verbs
"show, (I) to show, shown",δείξω,Subjunctive of common verbs
"can, might, be able",μπορέσω,Subjunctive of common verbs
"walk, to walk/walking",περπατήσω,Subjunctive of common verbs
play,παίξω,Subjunctive of common verbs
want,θελήσω,Subjunctive of common verbs
"(I) use, use",χρησιμοποιήσω,Subjunctive of common verbs
"see, (I) see/watch, watch",δω,Subjunctive of common verbs
"writing, (I) write, write",γράψω,Subjunctive of common verbs
listen,ακούσω,Subjunctive of common verbs
"be going to + verb, we are going to, going",πρόκειται,Subjunctive of common verbs
"I'm going, go, take",πάω,Subjunctive of common verbs
love,αγαπήσω,Subjunctive of common verbs
"cut, mow",κόψω,Subjunctive of common verbs
eat,φάω,Subjunctive of common verbs
"live, living, live through",ζήσω,Subjunctive of common verbs
run,τρέξω,Subjunctive of common verbs
"I will give, give, hiring",δώσω,Subjunctive of common verbs
visit,επισκεφτώ,Subjunctive of -μαι verbs
work,εργαστώ,Subjunctive of -μαι verbs
"(I) think (about), reflect",σκεφτώ,Subjunctive of -μαι verbs
(I) imagine,φανταστώ,Subjunctive of -μαι verbs
"sleep, I go to sleep, I sleep",κοιμηθώ,Subjunctive of -μαι verbs
"need, needing",χρειαστώ,Subjunctive of -μαι verbs
rest,ξεκουραστώ,Subjunctive of -μαι verbs
seem,φανώ,Subjunctive of -μαι verbs
deny,αρνηθώ,Subjunctive of -μαι verbs
"remember, recall",θυμηθώ,Subjunctive of -μαι verbs
"work in, do, take care of",ασχοληθώ,Subjunctive of -μαι verbs
"only, by myself, on my own",μόνος,Talk about oneself
"same, itself",ίδιο,Talk about oneself
same,ίδια,Talk about oneself
same,ίδιος,Talk about oneself
"only, just, alone",μόνο,Talk about oneself
"only, on her own, lonely",μόνη,Talk about oneself
"someday, once, one day",κάποτε,Time
"soon, early",νωρίς,Time
"late, slowly",αργά,Time
from now on,από 'δώ και πέρα,Time
sometimes,κάποιες φορές,Time
again,ξανά,Time
"never, ever",ποτέ,Time
day,μέρα,Time
"but, spite, before",παρά,Time
again,πάλι,Time
"until, to, by the time",μέχρι,Time
half,μισή,Time
"fourth, quarter",τέταρτο,Time
decade,δεκαετία,Time
"a calendar, calendar, diary",ημερολόγιο,Time
birth,γέννηση,Time
before,πριν,Time
last year,πέρυσι,Time
this year,φέτος,Time
second,δευτερόλεπτο,Time
"period, time",περίοδος,Time
generation,γενιά,Time
"moment, 1/60 of an hour, 1/100 of a euro/dollar",λεπτό,Time
century,αιώνας,Time
moments,στιγμές,Time
"spring, springtime",άνοιξη,Time
"season, epoch, era",εποχή,Time
June,ιούνιος,Time
winter,χειμώνας,Time
december,δεκέμβριος,Time
november,νοέμβριος,Time
"fall, autumn",φθινόπωρο,Time
"summer, summertime",καλοκαίρι,Time
millennium,χιλιετία,Time
february,φεβρουάριος,Time
"July, of July",ιούλιος,Time
january,ιανουάριος,Time
September,σεπτέμβριος,Time
May,μάιος,Time
October,οκτώβριος,Time
april,απρίλιος,Time
August,αύγουστος,Time
March,μάρτιος,Time
yesterday,χθες,Time
midnight,μεσάνυχτα,Time
month,μήνας,Time
"time, year",χρόνος,Time
week,εβδομάδα,Time
age,ηλικία,Time
Sunday,κυριακή,Time
weekend,σαββατοκύριακο,Time
"date, a date",ημερομηνία,Time
"time, hour",ώρα,Time
"afternoon, midday, noon",μεσημέρι,Time
"Friday, on Friday",παρασκευή,Time
"start, origin, beginning",αρχή,Time
Saturday,σάββατο,Time
Wednesday,τετάρτη,Time
"Tuesday, third",τρίτη,Time
"fifth, Thursday",πέμπτη,Time
Monday,δευτέρα,Time
morning,πρωί,Time
today,σήμερα,Time
tonight,απόψε,Time
tomorrow,αύριο,Time
"night, evening",βράδυ,Time
day,ημέρα,Time
"night, by nightfall, tonight",νύχτα,Time
"afternoon, evening",απόγευμα,Time
"end, finale, ending",τέλος,Time
"pavement, sidewalk",πεζοδρόμιο,Transportation
"steering wheel, wheel",τιμόνι,Transportation
"drive, (I) drive, (I am/I'm) driving",οδηγώ,Transportation
"ticket office, booking office, ticket booth",εκδοτήριο,Transportation
vehicle,όχημα,Transportation
"car, automobile",αμάξι,Transportation
"ticket, fare",εισιτήριο,Transportation
international,διεθνής,Transportation
"traffic light, headlight, lantern",φανάρι,Transportation
"gas, fuel, petrol",βενζίνη,Transportation
"traffic, move",κίνηση,Transportation
"tolls, toll, tollbooths",διόδια,Transportation
adventure,περιπέτεια,Transportation
"helmet, a helmet",κράνος,Transportation
"rank, attitude, stop",στάση,Transportation
helicopter,ελικόπτερο,Transportation
"submarine, a submarine",υποβρύχιο,Transportation
"air hostess, flight attendant, stewardess",αεροσυνοδός,Transportation
passenger,επιβάτης,Transportation
subway,μετρό,Transportation
tourist,τουρίστας,Transportation
"passport, a passport, have a passport",διαβατήριο,Transportation
"map, ο χάρτης",χάρτης,Transportation
"airplane, plane",αεροπλάνο,Transportation
departure,αναχώρηση,Transportation
bridge,γέφυρα,Transportation
flight,πτήση,Transportation
"luggage, baggage, luggages",αποσκευές,Transportation
"truck, van, lorry",φορτηγό,Transportation
ship,πλοίο,Transportation
"combustible, fuel",καύσιμο,Transportation
boat,βάρκα,Transportation
"bus, shuttle",λεωφορείο,Transportation
"car, in the car, automobile",αυτοκίνητο,Transportation
"journey, trip, voyage",ταξίδι,Transportation
"bike, bicycle, bikes",ποδήλατο,Transportation
suitcase,βαλίτσα,Transportation
"I travel, I am travelling, travel",ταξιδεύω,Transportation
train,τραίνο,Transportation
"(I) love, love",αγαπώ,Verbs in Present
forgetting,ξεχνάω,Verbs in Present
"waited, I am waiting, I wait",περιμένω,Verbs in Present
"worrying, worry, concerned",ανησυχώ,Verbs in Present
understand,καταλαβαίνω,Verbs in Present
"I know, know, known",γνωρίζω,Verbs in Present
"I wash, washing",πλένω,Verbs in Present
"win, earning",κερδίζω,Verbs in Present
catching,πιάνω,Verbs in Present
"meet, I meet",συναντώ,Verbs in Present
comb,χτενίζω,Verbs in Present
"fill, I fill",γεμίζω,Verbs in Present
"it hurts, pain, I am in pain",πονάω,Verbs in Present
"pass, go through",περνώ,Verbs in Present
go up,ανεβαίνω,Verbs in Present
"spend (money), spend, I spend money",ξοδεύω,Verbs in Present
"keep on, continue, go on",συνεχίζω,Verbs in Present
keeping,κρατάω,Verbs in Present
"support, rooting",υποστηρίζω,Verbs in Present
go down,κατεβαίνω,Verbs in Present
replying,απαντώ,Verbs in Present
recognise,αναγνωρίζω,Verbs in Present
"cut, I cut",κόβω,Verbs in Present
"I sell, sell, I am selling",πουλάω,Verbs in Present
"I am trying, I am trying to, I try",προσπαθώ,Verbs in Present
ordering,παραγγέλνω,Verbs in Present
"start, I am beginning, I am starting",ξεκινώ,Verbs in Present
"so-and-so, such and such",τάδε,Verbs in Present
"help, assist",βοηθάω,Verbs in Present
"finish, I finish",τελειώνω,Verbs in Present
"live, I live, i've",ζω,Verbs in Present
"not, don't, do not",μην,Verbs in Present
"must, you must, must I be",πρέπει,Verbs in Present
"wipe, dry, I am drying",στεγνώνω,Verbs in Present
"happens, (is) going on, (is) happening",συμβαίνει,Verbs in Present
"I improve, i make better",βελτιώνω,Verbs in Present
deserve,αξίζω,Verbs in Present
"I leave, I'm leaving",φεύγω,Verbs in Present
"fly, I am flying",πετάω,Verbs in Present
"(I) sign, (I am) signing, sign",υπογράφω,Verbs in Present
"care, care about",νοιάζει,Verbs in Present
"follow, (I) follow, I follow",ακολουθώ,Verbs in Present
"believe, I believe",πιστεύω,Verbs in Present
fail,αποτυγχάνω,Verbs in Present
"lose, miss, I lose",χάνω,Verbs in Present
"(I am) bringing up, (I am) raising, (I) raise",ανατρέφω,Verbs in Present
babysit,προσέχω,Verbs in Present
"go in, get in, I walk into",μπαίνω,Verbs in Present
"I'm looking for, I look, I am looking for",ψάχνω,Verbs in Present
stop,σταματάω,Verbs in Present
"allow, I allow",επιτρέπω,Verbs in Present
"receive, collect",παραλαμβάνω,Verbs in Present
"(I am) hoping, I hope, hope for",ελπίζω,Verbs in Present
"am closing, shut, close",κλείνω,Verbs in Present
doubt,αμφιβάλλω,Verbs in Present
"I go out, snuck",βγαίνω,Verbs in Present
"ask, I ask",ρωτάω,Verbs in Present
"(I) present, present, (I am) presenting",παρουσιάζω,Verbs in Present
"feel, I am feeling, I feel",νιώθω,Verbs in Present
"get injured, knocking, get hit",χτυπάω,Verbs in Present
"I am offering, offer",προσφέρω,Verbs in Present
"I study, I am studying, study",μελετώ,Verbs in Present
"(I) look, (I) look (at), (I am) looking",κοιτάζω,Verbs in Present
lift,σηκώνω,Verbs in Present
"(I) include, (I) am including",συμπεριλαμβάνω,Verbs in Present
"I belong, I am a member",ανήκω,Verbs in Present
"tasting, taste, (I am) trying",δοκιμάζω,Verbs in Present
"mean, means, what is the meaning of",σημαίνει,Verbs in Present
"summon, (I am) calling, (I) call",καλώ,Verbs in Present
"I save, I am saving, save",σώζω,Verbs in Present
"think, I think",νομίζω,Verbs in Present
"I change, change, I'm changing",αλλάζω,Verbs in Present
"send, I send",στέλνω,Verbs in Present
"open, opening, I open",ανοίγω,Verbs in Present
"return, I am returning",επιστρέφω,Verbs in Present
"mean, I mean",εννοώ,Verbs in Present
"(I am) cleaning, (I) clean, I'm not cleaning",καθαρίζω,Verbs in Present
win,νικάω,Verbs in Present
like,αρέσω,Verbs in Present
"(I) design, draw, sketch",σχεδιάζω,Verbs in Present
"show, I show",δείχνω,Verbs in Present
"take, taking, get",παίρνω,Verbs in Present
"fall, dropping, falling",πέφτω,Verbs in Present
"make, I make, I do",κάνω,Verbs in Present
"find, I am finding, (I) find",βρίσκω,Verbs in Present
"put, I am putting, I am setting",βάζω,Verbs in Present
"(I am) making, I make, make",φτιάχνω,Verbs in Present
"listens to, is listening to, has been listening to",ακούει,Verbs in Present
"I am working, am I working, do I work",δουλεύω,Verbs in Present
"fetch, I bring, bring",φέρνω,Verbs in Present
"I listen, hear, (I) listen (to)",ακούω,Verbs in Present
"am telling, (I) say, tell",λέω,Verbs in Present
"help, assist, aid",βοηθώ,Verbs in Present
"I am using, (I) use",χρησιμοποιώ,Verbs in Present
"plays, is playing, performs",παίζει,Verbs in Present
"forbid, prohibit, I prohibit this",απαγορεύω,Verbs in Present
"I have known, I know, know",ξέρω,Verbs in Present
touch,αγγίζω,Verbs in Present
"I dance, dance",χορεύω,Verbs in Present
"takes, does go, is going",πηγαίνει,Verbs in Present
"like, likes, liking",αρέσει,Verbs in Present
"pays for, pays, is paying",πληρώνει,Verbs in Present
play,παίζω,Verbs in Present
"go, I go, I am going",πηγαίνω,Verbs in Present
"I sing, sing, I am singing",τραγουδώ,Verbs in Present
"pay, I am paying, paying",πληρώνω,Verbs in Present
"wants, want, requires",θέλει,Verbs in Present
now,τώρα,Verbs in Present
"I want, I want to, want",θέλω,Verbs in Present
"I leave, I let, I let go of",αφήνω,Verbs in Present
"buying, to buy, I buy",αγοράζω,Verbs in Present
"cook, I am cooking, I cook",μαγειρεύω,Verbs in Present
"I run, run, I am running",τρέχω,Verbs in Present
"run, jogs, is running",τρέχει,Verbs in Present
"walk, to walk, I walk",περπατώ,Verbs in Present
"swim, (I) swim, (I am) swimming",κολυμπώ,Verbs in Present
"(I) write, write, (I am) writing",γράφω,Verbs in Present
"I am, I exist",υπάρχω,Verbs in Present
"I can, can, I am able",μπορώ,Verbs in Present
"I watch, watching, I am watching",βλέπω,Verbs in Present
"giving, (I am) giving, (I) give",δίνω,Verbs in Present
"I love, love, loving",αγαπάω,Verbs in Present
"stay, I'm staying, I reside",μένω,Verbs in Present
"speak, talk, I speak",μιλάω,Verbs in Present
"who, which, what",ποιος,W questions
whose,ποιανού,W questions
"how, how much, how many",πόσα,W questions
"how, what",πώς,W questions
how much,πόσο,W questions
where,πού,W questions
"why, because",γιατί,W questions
when,πότε,W questions
what,τι,W questions
"typhoon, hurricane",τυφώνας,Weather
"prognosis, prediction, forecast",πρόγνωση,Weather
snow,χιόνι,Weather
the greenhouse effect,φαινόμενο του θερμοκηπίου,Weather
"freezing weather, freezing",παγωνιά,Weather
bad weather,κακοκαιρία,Weather
cats and dogs,καρεκλοπόδαρα,Weather
"hail, hailing",χαλάζι,Weather
throw,ρίχνω,Weather
snowstorm,χιονοθύελλα,Weather
climate,κλίμα,Weather
"humidity, damp",υγρασία,Weather
storm,θύελλα,Weather
"thunderstorm, storm",καταιγίδα,Weather
"blowing, blow, blows",φυσάει,Weather
wind,άνεμος,Weather
sunny,ηλιόλουστος,Weather
"wind, air",αέρας,Weather
fog,ομίχλη,Weather
"it's snowing, snows, it has been snowing",χιονίζει,Weather
"heat, hot",ζέστη,Weather
sun,ήλιος,Weather
"weather, time",καιρός,Weather
"rain, it rains, It is raining",βρέχει,Weather
"cloudiness, cloudy",συννεφιά,Weather
cold,κρύο,Weather
"after, since",αφού,Word links
"perhaps, maybe, possibly",ίσως,Word links
then,τότε,Word links
"moreover, too, likewise",επίσης,Word links
"while, however much, as much as",όσο,Word links
"too, also, and",κι,Word links
Maybe,μήπως,Word links
"that is, so, namely",δηλαδή,Word links
"so, Well",λοιπόν,Word links
"as, while",καθώς,Word links
"therefore, and therefore, so",οπότε,Word links
"while, as, even though",ενώ,Word links
"yet, nonetheless, nevertheless",ωστόσο,Word links
"although, though, even though",αν και,Word links
"or, either",ή,Word links
"so, therefore, thus",άρα,Word links
"however, nevertheless, but",όμως,Word links
but,αλλά,Word links
because,επειδή,Word links
when,όταν,Word links
that,πως,Word links
whenever,όποτε,Word links
"that, the",ότι,Word links
